x_m,y_m,yaw,curvature
0.000000,0.000000,0.000000000,0.000000000
0.540107,0.000000,0.000000000,0.000000000
1.080214,0.000000,0.000000000,0.000000000
1.620321,0.000000,0.000000000,0.000000000
2.160428,0.000000,0.000000000,0.000000000
2.700535,0.000000,0.000000000,0.000000000
3.240642,0.000000,0.000000000,0.000000000
3.780749,0.000000,0.000000000,0.000000000
4.320856,0.000000,0.000000000,0.000000000
4.860963,0.000000,0.000000000,0.000000000
5.401070,0.000000,0.000000000,0.000000000
5.941176,0.000000,0.000000000,0.000000000
6.481283,0.000000,0.000000000,0.000000000
7.021390,0.000000,0.000000000,0.000000000
7.561497,0.000000,0.000000000,0.000000000
8.101604,0.000000,0.000000000,0.000000000
8.641711,0.000000,0.000000000,0.000000000
9.181818,0.000000,0.000000000,0.000000000
9.721925,0.000000,0.000000000,0.000000000
10.262032,0.000000,0.000000000,0.000000000
10.802139,0.000000,0.000000000,0.000000000
11.342246,0.000000,0.000000000,0.000000000
11.882353,0.000000,0.000000000,0.000000000
12.422460,0.000000,0.000000000,0.000000000
12.962567,0.000000,0.000000000,0.000000000
13.502674,0.000000,0.000000000,0.000000000
14.042781,0.000000,0.000000000,0.000000000
14.582888,0.000000,0.000000000,0.000000000
15.122995,0.000000,0.000000000,0.000000000
15.663102,0.000000,0.000000000,0.000000000
16.203209,0.000000,0.000000000,0.000000000
16.743316,0.000000,0.000000000,0.000000000
17.283422,0.000000,0.000000000,0.000000000
17.823529,0.000000,0.000000000,0.000000000
18.363636,0.000000,0.000000000,0.000000000
18.903743,0.000000,0.000000000,0.000000000
19.443850,0.000000,0.000000000,0.000000000
19.983957,0.000000,0.000000000,0.000000000
20.524064,0.000000,0.000000000,0.000000000
21.064171,0.000000,0.000000000,0.000000000
21.604278,0.000000,0.000000000,0.000000000
22.144385,0.000000,0.000000000,0.000000000
22.684492,0.000000,0.000000000,0.000000000
23.224599,0.000000,0.000000000,0.000000000
23.764706,0.000000,0.000000000,0.000000000
24.304813,0.000000,0.000000000,0.000000000
24.844920,0.000000,0.000000000,0.000000000
25.385027,0.000000,0.000000000,0.000000000
25.925134,0.000000,0.000000000,0.000000000
26.465241,0.000000,0.000000000,0.000000000
27.005348,0.000000,0.000000000,0.000000000
27.545455,0.000000,0.000000000,0.000000000
28.085561,0.000000,0.000000000,0.000000000
28.625668,0.000000,0.000000000,0.000000000
29.165775,0.000000,0.000000000,0.000000000
29.705882,0.000000,0.000000000,0.000000000
30.245989,0.000000,0.000000000,0.000000000
30.786096,0.000000,0.000000000,0.000000000
31.326203,0.000000,0.000000000,0.000000000
31.866310,0.000000,0.000000000,0.000000000
32.406417,0.000000,0.000000000,0.000000000
32.946524,0.000000,0.000000000,0.000000000
33.486631,0.000000,0.000000000,0.000000000
34.026738,0.000000,0.000000000,0.000000000
34.566845,0.000000,0.000000000,0.000000000
35.106952,0.000000,0.000000000,0.000000000
35.647059,0.000000,0.000000000,0.000000000
36.187166,0.000000,0.000000000,0.000000000
36.727273,0.000000,0.000000000,0.000000000
37.267380,0.000000,0.000000000,0.000000000
37.807487,0.000000,0.000000000,0.000000000
38.347594,0.000000,0.000000000,0.000000000
38.887701,0.000000,0.000000000,0.000000000
39.427807,0.000000,0.000000000,0.000000000
39.967914,0.000000,0.000000000,0.000000000
40.508021,0.000000,0.000000000,0.000000000
41.048128,0.000000,0.000000000,0.000000000
41.588235,0.000000,0.000000000,0.000000000
42.128342,0.000000,0.000000000,0.000000000
42.668449,0.000000,0.000000000,0.000000000
43.208556,0.000000,0.000000000,0.000000000
43.748663,0.000000,0.000000000,0.000000000
44.288770,0.000000,0.000000000,0.000000000
44.828877,0.000000,0.000000000,0.000000000
45.368984,0.000000,0.000000000,0.000000000
45.909091,0.000000,0.000000000,0.000000000
46.449198,0.000000,0.000000000,0.000000000
46.989305,0.000000,0.000000000,0.000000000
47.529412,0.000000,0.000000000,0.000000000
48.069519,0.000000,0.000000000,0.000000000
48.609626,0.000000,0.000000000,0.000000000
49.149733,0.000000,0.000000000,0.000000000
49.689840,0.000000,0.000000000,0.000000000
50.229947,0.000000,0.000000000,0.000000000
50.770053,0.000000,0.000000000,0.000000000
51.310160,0.000000,0.000000000,0.000000000
51.850267,0.000000,0.000000000,0.000000000
52.390374,0.000000,0.000000000,0.000000000
52.930481,0.000000,0.000000000,0.000000000
53.470588,0.000000,0.000000000,0.000000000
54.010695,0.000000,0.000000000,0.000000000
54.550802,0.000000,0.000000000,0.000000000
55.090909,0.000000,0.000000000,0.000000000
55.631016,0.000000,0.000000000,0.000000000
56.171123,0.000000,0.000000000,0.000000000
56.711230,0.000000,0.000000000,0.000000000
57.251337,0.000000,0.000000000,0.000000000
57.791444,0.000000,0.000000000,0.000000000
58.331551,0.000000,0.000000000,0.000000000
58.871658,0.000000,0.000000000,0.000000000
59.411765,0.000000,0.000000000,0.000000000
59.951872,0.000000,0.000000000,0.000000000
60.491979,0.000000,0.000000000,0.000000000
61.032086,0.000000,0.000000000,0.000000000
61.572193,0.000000,0.000000000,0.000000000
62.112299,0.000000,0.000000000,0.000000000
62.652406,0.000000,0.000000000,0.000000000
63.192513,0.000000,0.000000000,0.000000000
63.732620,0.000000,0.000000000,0.000000000
64.272727,0.000000,0.000000000,0.000000000
64.812834,0.000000,0.000000000,0.000000000
65.352941,0.000000,0.000000000,0.000000000
65.893048,0.000000,0.000000000,0.000000000
66.433155,0.000000,0.000000000,0.000000000
66.973262,0.000000,0.000000000,0.000000000
67.513369,0.000000,0.000000000,0.000000000
68.053476,0.000000,0.000000000,0.000000000
68.593583,0.000000,0.000000000,0.000000000
69.133690,0.000000,0.000000000,0.000000000
69.673797,0.000000,0.000000000,0.000000000
70.213904,0.000000,0.000000000,0.000000000
70.754011,0.000000,0.000000000,0.000000000
71.294118,0.000000,0.000000000,0.000000000
71.834225,0.000000,0.000000000,0.000000000
72.374332,0.000000,0.000000000,0.000000000
72.914439,0.000000,0.000000000,0.000000000
73.454545,0.000000,0.000000000,0.000000000
73.994652,0.000000,0.000000000,0.000000000
74.534759,0.000000,0.000000000,0.000000000
75.074866,0.000000,0.000000000,0.000000000
75.614973,0.000000,0.000000000,0.000000000
76.155080,0.000000,0.000000000,0.000000000
76.695187,0.000000,0.000000000,0.000000000
77.235294,0.000000,0.000000000,0.000000000
77.775401,0.000000,0.000000000,0.000000000
78.315508,0.000000,0.000000000,0.000000000
78.855615,0.000000,0.000000000,0.000000000
79.395722,0.000000,0.000000000,0.000000000
79.935829,0.000000,0.000000000,0.000000000
80.475936,0.000000,0.000000000,0.000000000
81.016043,0.000000,0.000000000,0.000000000
81.556150,0.000000,0.000000000,0.000000000
82.096257,0.000000,0.000000000,0.000000000
82.636364,0.000000,0.000000000,0.000000000
83.176471,0.000000,0.000000000,0.000000000
83.716578,0.000000,0.000000000,0.000000000
84.256684,0.000000,0.000000000,0.000000000
84.796791,0.000000,0.000000000,0.000000000
85.336898,0.000000,0.000000000,0.000000000
85.877005,0.000000,0.000000000,0.000000000
86.417112,0.000000,0.000000000,0.000000000
86.957219,0.000000,0.000000000,0.000000000
87.497326,0.000000,0.000000000,0.000000000
88.037433,0.000000,0.000000000,0.000000000
88.577540,0.000000,0.000000000,0.000000000
89.117647,0.000000,0.000000000,0.000000000
89.657754,0.000000,0.000000000,0.000000000
90.197861,0.000000,0.000000000,0.000000000
90.737968,0.000000,0.000000000,0.000000000
91.278075,0.000000,0.000000000,0.000000000
91.818182,0.000000,0.000000000,0.000000000
92.358289,0.000000,0.000000000,0.000000000
92.898396,0.000000,0.000000000,0.000000000
93.438503,0.000000,0.000000000,0.000000000
93.978610,0.000000,0.000000000,0.000000000
94.518717,0.000000,0.000000000,0.000000000
95.058824,0.000000,0.000000000,0.000000000
95.598930,0.000000,0.000000000,0.000000000
96.139037,0.000000,0.000000000,0.000000000
96.679144,0.000000,0.000000000,0.000000000
97.219251,0.000000,0.000000000,0.000000000
97.759358,0.000000,0.000000000,0.000000000
98.299465,0.000000,0.000000000,0.000000000
98.839572,0.000000,0.000000000,0.000000000
99.379679,0.000000,0.000000000,0.000000000
99.919786,0.000000,0.000000000,0.000000000
100.459893,0.000000,0.000000000,0.000000000
101.000000,0.000000,0.000000000,0.000000000
101.540107,0.000000,0.000000000,0.000000000
102.080214,0.000000,0.000000000,0.000000000
102.620321,0.000000,0.000000000,0.000000000
103.160428,0.000000,0.000000000,0.000000000
103.700535,0.000000,0.000000000,0.000000000
104.240642,0.000000,0.000000000,0.000000000
104.780749,0.000000,0.000000000,0.000000000
105.320856,0.000000,0.000000000,0.000000000
105.860963,0.000000,0.000000000,0.000000000
106.401070,0.000000,0.000000000,0.000000000
106.941176,0.000000,0.000000000,0.000000000
107.481283,0.000000,0.000000000,0.000000000
108.021390,0.000000,0.000000000,0.000000000
108.561497,0.000000,0.000000000,0.000000000
109.101604,0.000000,0.000000000,0.000000000
109.641711,0.000000,0.000000000,0.000000000
110.181818,0.000000,0.000000000,0.000000000
110.721925,0.000000,0.000000000,0.000000000
111.262032,0.000000,0.000000000,0.000000000
111.802139,0.000000,0.000000000,0.000000000
112.342246,0.000000,0.000000000,0.000000000
112.882353,0.000000,0.000000000,0.000000000
113.422460,0.000000,0.000000000,0.000000000
113.962567,0.000000,0.000000000,0.000000000
114.502674,0.000000,0.000000000,0.000000000
115.042781,0.000000,0.000000000,0.000000000
115.582888,0.000000,0.000000000,0.000000000
116.122995,0.000000,0.000000000,0.000000000
116.663102,0.000000,0.000000000,0.000000000
117.203209,0.000000,0.000000000,0.000000000
117.743316,0.000000,0.000000000,0.000000000
118.283422,0.000000,0.000000000,0.000000000
118.823529,0.000000,0.000000000,0.000000000
119.363636,0.000000,0.000000000,0.000000000
119.903743,0.000000,0.000000000,0.000000000
120.443850,0.000000,0.000000000,0.000000000
120.983957,0.000000,0.000000000,0.000000000
121.524064,0.000000,0.000000000,0.000000000
122.064171,0.000000,0.000000000,0.000000000
122.604278,0.000000,0.000000000,0.000000000
123.144385,0.000000,0.000000000,0.000000000
123.684492,0.000000,0.000000000,0.000000000
124.224599,0.000000,0.000000000,0.000000000
124.764706,0.000000,0.000000000,0.000000000
125.304813,0.000000,0.000000000,0.000000000
125.844920,0.000000,0.000000000,0.000000000
126.385027,0.000000,0.000000000,0.000000000
126.925134,0.000000,0.000000000,0.000000000
127.465241,0.000000,0.000000000,0.000000000
128.005348,0.000000,0.000000000,0.000000000
128.545455,0.000000,0.000000000,0.000000000
129.085561,0.000000,0.000000000,0.000000000
129.625668,0.000000,0.000000000,0.000000000
130.165775,0.000000,0.000003433,0.000041444
130.705882,0.000015,0.000062281,0.000176471
131.245989,0.000081,0.000194059,0.000311497
131.786096,0.000237,0.000398765,0.000446524
132.326203,0.000524,0.000676400,0.000581551
132.866310,0.000981,0.001026964,0.000716578
133.406416,0.001647,0.001450457,0.000851604
133.946523,0.002561,0.001946879,0.000986631
134.486628,0.003763,0.002516230,0.001121658
135.026733,0.005292,0.003158510,0.001256684
135.566837,0.007188,0.003873718,0.001391711
136.106939,0.009490,0.004661855,0.001526738
136.647039,0.012237,0.005522922,0.001661765
137.187136,0.015469,0.006456917,0.001796791
137.727230,0.019225,0.007463841,0.001931818
138.267319,0.023545,0.008543694,0.002066845
138.807404,0.028467,0.009696475,0.002201872
139.347482,0.034032,0.010922186,0.002336898
139.887553,0.040278,0.012220825,0.002471925
140.427615,0.047246,0.013592394,0.002606952
140.967666,0.054974,0.015036891,0.002741979
141.507706,0.063501,0.016554317,0.002877005
142.047732,0.072868,0.018144672,0.003012032
142.587741,0.083113,0.019807956,0.003147059
143.127733,0.094277,0.021544169,0.003282086
143.667704,0.106397,0.023353311,0.003417112
144.207651,0.119514,0.025235381,0.003552139
144.747573,0.133667,0.027190381,0.003687166
145.287465,0.148895,0.029218309,0.003822193
145.827324,0.165238,0.031319166,0.003957219
146.367148,0.182734,0.033492952,0.004092246
146.906931,0.201423,0.035739667,0.004227273
147.446670,0.221345,0.038059311,0.004362299
147.986361,0.242539,0.040451884,0.004497326
148.525999,0.265043,0.042917385,0.004632353
149.065579,0.288898,0.045455816,0.004767380
149.605095,0.314141,0.048067175,0.004902406
150.144543,0.340813,0.050748661,0.005000000
150.683917,0.368940,0.053449196,0.005000000
151.223213,0.398522,0.056149730,0.005000000
151.762427,0.429561,0.058850265,0.005000000
152.301556,0.462056,0.061550800,0.005000000
152.840594,0.496007,0.064251335,0.005000000
153.379539,0.531414,0.066951869,0.005000000
153.918387,0.568276,0.069652404,0.005000000
154.457133,0.606592,0.072352939,0.005000000
154.995773,0.646364,0.075053474,0.005000000
155.534304,0.687590,0.077754008,0.005000000
156.072722,0.730270,0.080454543,0.005000000
156.611023,0.774404,0.083155078,0.005000000
157.149202,0.819992,0.085855613,0.005000000
157.687257,0.867033,0.088556147,0.005000000
158.225182,0.915526,0.091256682,0.005000000
158.762974,0.965473,0.093957217,0.005000000
159.300630,1.016871,0.096657752,0.005000000
159.838145,1.069721,0.099358287,0.005000000
160.375515,1.124022,0.102058821,0.005000000
160.912737,1.179775,0.104759356,0.005000000
161.449806,1.236978,0.107459891,0.005000000
161.986718,1.295631,0.110160426,0.005000000
162.523471,1.355734,0.112860960,0.005000000
163.060058,1.417286,0.115561495,0.005000000
163.596478,1.480287,0.118262030,0.005000000
164.132726,1.544737,0.120962565,0.005000000
164.668798,1.610634,0.123663099,0.005000000
165.204690,1.677979,0.126363634,0.005000000
165.740397,1.746771,0.129064169,0.005000000
166.275918,1.817009,0.131764704,0.005000000
166.811246,1.888693,0.134465238,0.005000000
167.346379,1.961823,0.137165773,0.005000000
167.881313,2.036397,0.139866308,0.005000000
168.416043,2.112416,0.142566843,0.005000000
168.950566,2.189879,0.145267377,0.005000000
169.484878,2.268784,0.147967912,0.005000000
170.018975,2.349133,0.150668447,0.005000000
170.552853,2.430923,0.153368982,0.005000000
171.086508,2.514155,0.156069516,0.005000000
171.619937,2.598828,0.158770051,0.005000000
172.153134,2.684941,0.161470586,0.005000000
172.686098,2.772494,0.164171121,0.005000000
173.218823,2.861485,0.166871655,0.005000000
173.751305,2.951915,0.169572190,0.005000000
174.283542,3.043783,0.172272725,0.005000000
174.815528,3.137087,0.174973260,0.005000000
175.347261,3.231828,0.177673795,0.005000000
175.878736,3.328004,0.180374329,0.005000000
176.409949,3.425616,0.183074864,0.005000000
176.940896,3.524661,0.185775399,0.005000000
177.471574,3.625140,0.188475934,0.005000000
178.001979,3.727052,0.191176468,0.005000000
178.532107,3.830396,0.193877003,0.005000000
179.061954,3.935171,0.196577538,0.005000000
179.591516,4.041376,0.199278073,0.005000000
180.120789,4.149012,0.201978607,0.005000000
180.649769,4.258076,0.204679142,0.005000000
181.178453,4.368568,0.207379677,0.005000000
181.706837,4.480488,0.210080212,0.005000000
182.234916,4.593834,0.212780746,0.005000000
182.762688,4.708606,0.215481281,0.005000000
183.290148,4.824802,0.218181816,0.005000000
183.817292,4.942423,0.220882351,0.005000000
184.344116,5.061467,0.223582885,0.005000000
184.870617,5.181933,0.226283420,0.005000000
185.396791,5.303820,0.228983955,0.005000000
185.922633,5.427128,0.231684490,0.005000000
186.448141,5.551856,0.234385024,0.005000000
186.973310,5.678002,0.237085559,0.005000000
187.498136,5.805566,0.239786094,0.005000000
188.022616,5.934547,0.242486629,0.005000000
188.546746,6.064944,0.245187164,0.005000000
189.070522,6.196756,0.247887698,0.005000000
189.593940,6.329981,0.250588233,0.005000000
190.116996,6.464620,0.253288768,0.005000000
190.639687,6.600671,0.255989303,0.005000000
191.162008,6.738133,0.258689837,0.005000000
191.683956,6.877005,0.261390372,0.005000000
192.205527,7.017286,0.264090907,0.005000000
192.726718,7.158974,0.266791442,0.005000000
193.247524,7.302070,0.269491976,0.005000000
193.767942,7.446572,0.272192511,0.005000000
194.287967,7.592479,0.274893046,0.005000000
194.807597,7.739789,0.277593581,0.005000000
195.326827,7.888503,0.280294115,0.005000000
195.845653,8.038618,0.282994650,0.005000000
196.364072,8.190133,0.285695185,0.005000000
196.882080,8.343048,0.288395720,0.005000000
197.399674,8.497361,0.291096254,0.005000000
197.916848,8.653072,0.293796789,0.005000000
198.433600,8.810178,0.296497324,0.005000000
198.949927,8.968680,0.299197859,0.005000000
199.465823,9.128575,0.301898393,0.005000000
199.981285,9.289863,0.304598928,0.005000000
200.496310,9.452542,0.307299463,0.005000000
201.010894,9.616612,0.309999998,0.005000000
201.525033,9.782070,0.312700533,0.005000000
202.038723,9.948917,0.315401067,0.005000000
202.551961,10.117150,0.318101602,0.005000000
203.064742,10.286768,0.320802137,0.005000000
203.577064,10.457771,0.323502672,0.005000000
204.088922,10.630157,0.326203206,0.005000000
204.600312,10.803924,0.328903741,0.005000000
205.111232,10.979072,0.331604276,0.005000000
205.621676,11.155598,0.334304811,0.005000000
206.131642,11.333503,0.337005345,0.005000000
206.641126,11.512784,0.339705880,0.005000000
207.150124,11.693440,0.342406415,0.005000000
207.658632,11.875470,0.345106950,0.005000000
208.166646,12.058873,0.347807484,0.005000000
208.674164,12.243647,0.350508019,0.005000000
209.181180,12.429791,0.353208554,0.005000000
209.687692,12.617304,0.355909089,0.005000000
210.193696,12.806183,0.358609623,0.005000000
210.699188,12.996429,0.361310158,0.005000000
211.204164,13.188039,0.364010693,0.005000000
211.708621,13.381011,0.366711228,0.005000000
212.212555,13.575346,0.369411762,0.005000000
212.715962,13.771041,0.372112297,0.005000000
213.218839,13.968094,0.374812832,0.005000000
213.721183,14.166505,0.377513367,0.005000000
214.222988,14.366271,0.380213901,0.005000000
214.724252,14.567392,0.382914436,0.005000000
215.224971,14.769866,0.385614971,0.005000000
215.725142,14.973691,0.388315506,0.005000000
216.224760,15.178867,0.391016041,0.005000000
216.723822,15.385391,0.393716575,0.005000000
217.222325,15.593261,0.396417110,0.005000000
217.720265,15.802478,0.399117645,0.005000000
218.217638,16.013038,0.401818180,0.005000000
218.714440,16.224941,0.404518714,0.005000000
219.210668,16.438184,0.407219249,0.005000000
219.706319,16.652767,0.409919784,0.005000000
220.201388,16.868687,0.412620319,0.005000000
220.695873,17.085944,0.415320853,0.005000000
221.189769,17.304535,0.418021388,0.005000000
221.683072,17.524460,0.420721923,0.005000000
222.175781,17.745715,0.423422458,0.005000000
222.667889,17.968301,0.426122992,0.005000000
223.159395,18.192214,0.428823527,0.005000000
223.650295,18.417454,0.431524062,0.005000000
224.140584,18.644019,0.434224597,0.005000000
224.630260,18.871908,0.436925131,0.005000000
225.119318,19.101117,0.439625666,0.005000000
225.607756,19.331647,0.442326201,0.005000000
226.095570,19.563495,0.445026736,0.005000000
226.582755,19.796659,0.447727270,0.005000000
227.069309,20.031138,0.450427805,0.005000000
227.555228,20.266930,0.453128340,0.005000000
228.040509,20.504034,0.455828875,0.005000000
228.525147,20.742447,0.458529410,0.005000000
229.009140,20.982168,0.461229944,0.005000000
229.492484,21.223196,0.463930479,0.005000000
229.975175,21.465527,0.466631014,0.005000000
230.457210,21.709162,0.469331549,0.005000000
230.938585,21.954097,0.472032083,0.005000000
231.419297,22.200331,0.474732618,0.005000000
231.899342,22.447863,0.477433153,0.005000000
232.378718,22.696690,0.480133688,0.005000000
232.857419,22.946810,0.482834222,0.005000000
233.335443,23.198223,0.485534757,0.005000000
233.812786,23.450926,0.488235292,0.005000000
234.289446,23.704916,0.490935827,0.005000000
234.765417,23.960193,0.493636361,0.005000000
235.240698,24.216755,0.496336896,0.005000000
235.715284,24.474599,0.499037431,0.005000000
236.189172,24.733722,0.501722864,0.004913102
236.662372,24.994102,0.504340000,0.004778075
237.134898,25.255701,0.506884207,0.004643048
237.606767,25.518485,0.509355485,0.004508021
238.077994,25.782418,0.511753834,0.004372995
238.548597,26.047462,0.514079254,0.004237968
239.018591,26.313583,0.516331746,0.004102941
239.487995,26.580745,0.518511309,0.003967914
239.956826,26.848912,0.520617942,0.003832888
240.425100,27.118049,0.522651647,0.003697861
240.892835,27.388121,0.524612423,0.003562834
241.360050,27.659092,0.526500270,0.003427807
241.826763,27.930928,0.528315188,0.003292781
242.292991,28.203594,0.530057178,0.003157754
242.758754,28.477054,0.531726238,0.003022727
243.224070,28.751274,0.533322370,0.002887701
243.688957,29.026220,0.534845572,0.002752674
244.153435,29.301857,0.536295846,0.002617647
244.617523,29.578150,0.537673191,0.002482620
245.081240,29.855065,0.538977607,0.002347594
245.544606,30.132567,0.540209094,0.002212567
246.007640,30.410624,0.541367653,0.002077540
246.470361,30.689200,0.542453282,0.001942513
246.932790,30.968261,0.543465983,0.001807487
247.394946,31.247773,0.544405754,0.001672460
247.856849,31.527703,0.545272597,0.001537433
248.318520,31.808016,0.546066511,0.001402406
248.779979,32.088679,0.546787496,0.001267380
249.241245,32.369657,0.547435552,0.001132353
249.702339,32.650918,0.548010679,0.000997326
250.163282,32.932427,0.548512878,0.000862299
250.624094,33.214151,0.548942147,0.000727273
251.084794,33.496055,0.549298488,0.000592246
251.545405,33.778107,0.549581900,0.000457219
252.005946,34.060273,0.549792382,0.000322193
252.466438,34.342519,0.549929936,0.000187166
252.926901,34.624811,0.549994562,0.000052139
253.387356,34.907118,0.549999998,0.000000000
253.847810,35.189425,0.549999998,0.000000000
254.308265,35.471732,0.549999998,0.000000000
254.768719,35.754039,0.549999998,0.000000000
255.229174,36.036346,0.549999998,0.000000000
255.689628,36.318653,0.549999998,0.000000000
256.150083,36.600960,0.549999998,0.000000000
256.610537,36.883267,0.549999998,0.000000000
257.070991,37.165574,0.549999998,0.000000000
257.531446,37.447881,0.549999998,0.000000000
257.991900,37.730188,0.549999998,0.000000000
258.452355,38.012495,0.549999998,0.000000000
258.912809,38.294802,0.549999998,0.000000000
259.373263,38.577109,0.549999998,0.000000000
259.833718,38.859416,0.549999998,0.000000000
260.294172,39.141723,0.549999998,0.000000000
260.754627,39.424030,0.549999998,0.000000000
261.215081,39.706337,0.549999998,0.000000000
261.675536,39.988644,0.549999998,0.000000000
262.135990,40.270951,0.549999998,0.000000000
262.596444,40.553258,0.549999998,0.000000000
263.056899,40.835565,0.549999998,0.000000000
263.517353,41.117872,0.549999998,0.000000000
263.977808,41.400179,0.549999998,0.000000000
264.438262,41.682486,0.549999998,0.000000000
264.898717,41.964793,0.549999998,0.000000000
265.359171,42.247100,0.549999998,0.000000000
265.819625,42.529407,0.549999998,0.000000000
266.280080,42.811714,0.549999998,0.000000000
266.740534,43.094021,0.549999998,0.000000000
267.200989,43.376328,0.549999998,0.000000000
267.661443,43.658635,0.549999998,0.000000000
268.121898,43.940942,0.549999998,0.000000000
268.582352,44.223249,0.549999998,0.000000000
269.042806,44.505556,0.549999998,0.000000000
269.503261,44.787863,0.549999998,0.000000000
269.963715,45.070170,0.549999998,0.000000000
270.424170,45.352477,0.549999998,0.000000000
270.884624,45.634784,0.549999998,0.000000000
271.345078,45.917091,0.549999998,0.000000000
271.805533,46.199398,0.549999998,0.000000000
272.265987,46.481705,0.549999998,0.000000000
272.726442,46.764012,0.549999998,0.000000000
273.186896,47.046319,0.549999998,0.000000000
273.647351,47.328626,0.549999998,0.000000000
274.107805,47.610933,0.549999998,0.000000000
274.568259,47.893240,0.549999998,0.000000000
275.028714,48.175547,0.549999998,0.000000000
275.489168,48.457854,0.549999998,0.000000000
275.949623,48.740161,0.549999998,0.000000000
276.410077,49.022468,0.549999998,0.000000000
276.870532,49.304775,0.549999998,0.000000000
277.330986,49.587082,0.549999998,0.000000000
277.791440,49.869389,0.549999998,0.000000000
278.251895,50.151696,0.549999998,0.000000000
278.712349,50.434003,0.549999998,0.000000000
279.172804,50.716310,0.549999998,0.000000000
279.633258,50.998617,0.549999998,0.000000000
280.093712,51.280924,0.549999998,0.000000000
280.554167,51.563231,0.549999998,0.000000000
281.014621,51.845538,0.549999998,0.000000000
281.475076,52.127845,0.549999998,0.000000000
281.935530,52.410152,0.549999998,0.000000000
282.395985,52.692459,0.549999998,0.000000000
282.856439,52.974766,0.549999998,0.000000000
283.316893,53.257073,0.549999998,0.000000000
283.777348,53.539380,0.549999998,0.000000000
284.237802,53.821687,0.549999998,0.000000000
284.698257,54.103994,0.549999998,0.000000000
285.158711,54.386301,0.549999998,0.000000000
285.619166,54.668608,0.549999998,0.000000000
286.079620,54.950915,0.549999998,0.000000000
286.540074,55.233222,0.549999998,0.000000000
287.000529,55.515529,0.549999998,0.000000000
287.460983,55.797836,0.549999998,0.000000000
287.921438,56.080143,0.549999998,0.000000000
288.381892,56.362450,0.549999998,0.000000000
288.842346,56.644757,0.549999998,0.000000000
289.302801,56.927064,0.549999998,0.000000000
289.763255,57.209371,0.549999998,0.000000000
290.223710,57.491678,0.549999998,0.000000000
290.684164,57.773985,0.549999998,0.000000000
291.144619,58.056292,0.549999998,0.000000000
291.605073,58.338599,0.549999998,0.000000000
292.065527,58.620906,0.549999998,0.000000000
292.525982,58.903213,0.549999998,0.000000000
292.986436,59.185520,0.549999998,0.000000000
293.446891,59.467827,0.549999998,0.000000000
293.907345,59.750134,0.549999998,0.000000000
294.367800,60.032441,0.549999998,0.000000000
294.828254,60.314748,0.549999998,0.000000000
295.288708,60.597055,0.549999998,0.000000000
295.749163,60.879362,0.549999998,0.000000000
296.209617,61.161669,0.549999998,0.000000000
296.670072,61.443976,0.549999998,0.000000000
297.130526,61.726283,0.549999998,0.000000000
297.590980,62.008590,0.549999998,0.000000000
298.051435,62.290897,0.549999998,0.000000000
298.511889,62.573204,0.549999998,0.000000000
298.972344,62.855511,0.549999998,0.000000000
299.432798,63.137818,0.549999998,0.000000000
299.893253,63.420125,0.549999998,0.000000000
300.353707,63.702433,0.549999998,0.000000000
300.814161,63.984740,0.549999998,0.000000000
301.274616,64.267047,0.549999998,0.000000000
301.735070,64.549354,0.549999998,0.000000000
302.195525,64.831661,0.549999998,0.000000000
302.655979,65.113968,0.549999998,0.000000000
303.116434,65.396275,0.549999998,0.000000000
303.576888,65.678582,0.549999998,0.000000000
304.037342,65.960889,0.549999998,0.000000000
304.497797,66.243196,0.549999998,0.000000000
304.958251,66.525503,0.549999998,0.000000000
305.418706,66.807810,0.549999998,0.000000000
305.879160,67.090117,0.549999998,0.000000000
306.339614,67.372424,0.549999998,0.000000000
306.800069,67.654731,0.549999998,0.000000000
307.260523,67.937038,0.549999998,0.000000000
307.720978,68.219345,0.549999998,0.000000000
308.181432,68.501652,0.549999998,0.000000000
308.641887,68.783959,0.549999998,0.000000000
309.102341,69.066266,0.549999998,0.000000000
309.562795,69.348573,0.549999998,0.000000000
310.023250,69.630880,0.549999998,0.000000000
310.483704,69.913187,0.549999998,0.000000000
310.944159,70.195494,0.549999998,0.000000000
311.404613,70.477801,0.549999998,0.000000000
311.865068,70.760108,0.549999998,0.000000000
312.325522,71.042415,0.549999998,0.000000000
312.785976,71.324722,0.549999998,0.000000000
313.246431,71.607029,0.549999998,0.000000000
313.706885,71.889336,0.549999998,0.000000000
314.167340,72.171643,0.549999998,0.000000000
314.627794,72.453950,0.549999998,0.000000000
315.088248,72.736257,0.549999998,0.000000000
315.548703,73.018564,0.549999998,0.000000000
316.009157,73.300871,0.549999998,0.000000000
316.469612,73.583178,0.549999998,0.000000000
316.930066,73.865485,0.549999998,0.000000000
317.390521,74.147792,0.549999998,0.000000000
317.850975,74.430099,0.549999998,0.000000000
318.311429,74.712406,0.549999998,0.000000000
318.771884,74.994713,0.549999998,0.000000000
319.232338,75.277020,0.549999998,0.000000000
319.692793,75.559327,0.549999998,0.000000000
320.153247,75.841634,0.549999998,0.000000000
320.613702,76.123941,0.549999998,0.000000000
321.074156,76.406248,0.549999998,0.000000000
321.534610,76.688555,0.549999998,0.000000000
321.995065,76.970862,0.549999998,0.000000000
322.455519,77.253169,0.549999998,0.000000000
322.915974,77.535476,0.549999998,0.000000000
323.376428,77.817783,0.549999998,0.000000000
323.836883,78.100090,0.549999998,0.000000000
324.297337,78.382397,0.549999998,0.000000000
324.757791,78.664704,0.549999998,0.000000000
325.218246,78.947011,0.549999998,0.000000000
325.678700,79.229318,0.549999998,0.000000000
326.139155,79.511625,0.549999998,0.000000000
326.599609,79.793932,0.549999998,0.000000000
327.060063,80.076239,0.549999998,0.000000000
327.520518,80.358546,0.549999998,0.000000000
327.980972,80.640853,0.549999998,0.000000000
328.441427,80.923160,0.549999998,0.000000000
328.901881,81.205467,0.549999998,0.000000000
329.362336,81.487774,0.549999998,0.000000000
329.822790,81.770081,0.549999998,0.000000000
330.283244,82.052388,0.549999998,0.000000000
330.743699,82.334695,0.549999998,0.000000000
331.204153,82.617002,0.549999998,0.000000000
331.664608,82.899309,0.549999998,0.000000000
332.125062,83.181616,0.549999998,0.000000000
332.585517,83.463923,0.549999998,0.000000000
333.045971,83.746230,0.549999998,0.000000000
333.506425,84.028537,0.549999998,0.000000000
333.966880,84.310844,0.549999998,0.000000000
334.427334,84.593151,0.549999998,0.000000000
334.887789,84.875458,0.549999998,0.000000000
335.348243,85.157765,0.549999998,0.000000000
335.808697,85.440072,0.549999998,0.000000000
336.269152,85.722379,0.549999998,0.000000000
336.729606,86.004686,0.549999998,0.000000000
337.190061,86.286993,0.549999998,0.000000000
337.650515,86.569300,0.549999998,0.000000000
338.110970,86.851607,0.549999998,0.000000000
338.571424,87.133914,0.549999998,0.000000000
339.031878,87.416221,0.549999998,0.000000000
339.492333,87.698528,0.549999998,0.000000000
339.952787,87.980835,0.549999998,0.000000000
340.413242,88.263142,0.549999998,0.000000000
340.873696,88.545449,0.549999998,0.000000000
341.334151,88.827756,0.549999998,0.000000000
341.794605,89.110063,0.549999998,0.000000000
342.255059,89.392370,0.549999998,0.000000000
342.715514,89.674677,0.549999998,0.000000000
343.175968,89.956984,0.549999998,0.000000000
343.636423,90.239291,0.549999998,0.000000000
344.096877,90.521598,0.549999998,0.000000000
344.557331,90.803905,0.549999998,0.000000000
345.017786,91.086212,0.549999998,0.000000000
345.478240,91.368519,0.549999998,0.000000000
345.938695,91.650826,0.549999998,0.000000000
346.399149,91.933133,0.549999998,0.000000000
346.859604,92.215440,0.549999998,0.000000000
347.320058,92.497747,0.549999998,0.000000000
347.780512,92.780054,0.549999998,0.000000000
348.240967,93.062361,0.549999998,0.000000000
348.701421,93.344668,0.549999998,0.000000000
349.161876,93.626975,0.549999998,0.000000000
349.622330,93.909282,0.549999998,0.000000000
350.082785,94.191589,0.549999998,0.000000000
350.543239,94.473896,0.549999998,0.000000000
351.003693,94.756203,0.549999998,0.000000000
351.464148,95.038510,0.549999998,0.000000000
351.924602,95.320817,0.549999998,0.000000000
352.385057,95.603124,0.549999998,0.000000000
352.845511,95.885431,0.549999998,0.000000000
353.305965,96.167738,0.549999998,0.000000000
353.766420,96.450045,0.549999998,0.000000000
354.226874,96.732352,0.549999998,0.000000000
354.687329,97.014659,0.549999998,0.000000000
355.147783,97.296966,0.549999998,0.000000000
355.608238,97.579273,0.549999998,0.000000000
356.068692,97.861580,0.549999998,0.000000000
356.529146,98.143887,0.549999998,0.000000000
356.989601,98.426194,0.549999998,0.000000000
357.450055,98.708501,0.549999998,0.000000000
357.910510,98.990808,0.549999998,0.000000000
358.370964,99.273115,0.549999998,0.000000000
358.831419,99.555422,0.549999998,0.000000000
359.291873,99.837729,0.549999998,0.000000000
359.752327,100.120036,0.549999998,0.000000000
360.212782,100.402343,0.549999998,0.000000000
360.673236,100.684650,0.549999998,0.000000000
361.133691,100.966957,0.549999998,0.000000000
361.594145,101.249264,0.549999998,0.000000000
362.054599,101.531571,0.549999998,0.000000000
362.515054,101.813878,0.549999998,0.000000000
362.975508,102.096185,0.549999998,0.000000000
363.435963,102.378492,0.549999998,0.000000000
363.896417,102.660799,0.549999998,0.000000000
364.356872,102.943106,0.549999998,0.000000000
364.817326,103.225413,0.549999998,0.000000000
365.277780,103.507720,0.549999998,0.000000000
365.738235,103.790027,0.549999998,0.000000000
366.198689,104.072334,0.549999998,0.000000000
366.659144,104.354641,0.549999998,0.000000000
367.119598,104.636948,0.549999998,0.000000000
367.580053,104.919255,0.549999998,0.000000000
368.040507,105.201562,0.549999998,0.000000000
368.500961,105.483869,0.549999998,0.000000000
368.961416,105.766176,0.549999998,0.000000000
369.421870,106.048483,0.549999998,0.000000000
369.882325,106.330790,0.549999998,0.000000000
370.342779,106.613097,0.549999998,0.000000000
370.803233,106.895404,0.549999998,0.000000000
371.263688,107.177711,0.549999998,0.000000000
371.724142,107.460018,0.549999998,0.000000000
372.184597,107.742325,0.549999998,0.000000000
372.645053,108.024630,0.549959939,-0.000365419
373.105569,108.306836,0.549519478,-0.001265597
373.566278,108.588727,0.548592824,-0.002165775
374.027317,108.870078,0.547179977,-0.003065954
374.488821,109.150666,0.545280938,-0.003966132
374.950925,109.430265,0.542895706,-0.004866310
375.413762,109.708648,0.540024282,-0.005766488
375.877464,109.985588,0.536666665,-0.006666667
376.342160,110.260857,0.532822856,-0.007566845
376.807976,110.534224,0.528492854,-0.008467023
377.275039,110.805458,0.523676660,-0.009367201
377.743467,111.074326,0.518374273,-0.010267380
378.213379,111.340592,0.512585694,-0.011167558
378.684888,111.604018,0.506310922,-0.012067736
379.158104,111.864366,0.499549957,-0.012967914
379.633132,112.121393,0.492302800,-0.013868093
380.110072,112.374854,0.484569451,-0.014768271
380.589018,112.624503,0.476349909,-0.015668449
381.070059,112.870090,0.467644174,-0.016568627
381.553279,113.111362,0.458452247,-0.017468806
382.038753,113.348065,0.448774127,-0.018368984
382.526551,113.579939,0.438609815,-0.019269162
383.016736,113.806724,0.427959310,-0.020169340
383.509363,114.028155,0.416822613,-0.021069519
384.004476,114.243967,0.405199723,-0.021969697
384.502116,114.453888,0.393090641,-0.022869875
385.002310,114.657646,0.380495366,-0.023770053
385.505079,114.854966,0.367413899,-0.024670232
386.010432,115.045569,0.353846239,-0.025570410
386.518368,115.229175,0.339792386,-0.026470588
387.028878,115.405500,0.325252341,-0.027370766
387.541937,115.574259,0.310226104,-0.028270945
388.057514,115.735165,0.294713674,-0.029171123
388.575561,115.887928,0.278715051,-0.030071301
389.096020,116.032257,0.262230236,-0.030971480
389.618821,116.167860,0.245259228,-0.031871658
390.143878,116.294443,0.227802028,-0.032771836
390.671092,116.411716,0.209893039,-0.033333333
391.200330,116.519489,0.191889473,-0.033333333
391.731422,116.617717,0.173885908,-0.033333333
392.264196,116.706368,0.155882343,-0.033333333
392.798480,116.785413,0.137878778,-0.033333333
393.334101,116.854827,0.119875213,-0.033333333
393.870884,116.914587,0.101871648,-0.033333333
394.408657,116.964674,0.083868083,-0.033333333
394.947243,117.005071,0.065864518,-0.033333333
395.486470,117.035766,0.047860953,-0.033333333
396.026162,117.056749,0.029857388,-0.033333333
396.566144,117.068012,0.011853823,-0.033333333
397.106242,117.069553,-0.006149742,-0.033333333
397.646279,117.061370,-0.024153307,-0.033333333
398.186082,117.043466,-0.042156872,-0.033333333
398.725475,117.015847,-0.060160437,-0.033333333
399.264284,116.978522,-0.078164002,-0.033333333
399.802333,116.931504,-0.096167568,-0.033333333
400.339448,116.874806,-0.114171133,-0.033333333
400.875456,116.808449,-0.132174698,-0.033333333
401.410182,116.732453,-0.150178263,-0.033333333
401.943454,116.646842,-0.168181828,-0.033333333
402.475098,116.551645,-0.186185393,-0.033333333
403.004942,116.446893,-0.204188958,-0.033333333
403.532814,116.332619,-0.222192523,-0.033333333
404.058543,116.208860,-0.240196088,-0.033333333
404.581960,116.075657,-0.258199653,-0.033333333
405.102893,115.933053,-0.276203218,-0.033333333
405.621175,115.781094,-0.294206783,-0.033333333
406.136637,115.619829,-0.312210348,-0.033333333
406.649112,115.449310,-0.330213913,-0.033333333
407.158435,115.269593,-0.348217478,-0.033333333
407.664440,115.080736,-0.366221043,-0.033333333
408.166962,114.882801,-0.384224609,-0.033333333
408.665840,114.675850,-0.402228174,-0.033333333
409.160912,114.459953,-0.420231739,-0.033333333
409.652016,114.235177,-0.438235304,-0.033333333
410.138995,114.001597,-0.456238869,-0.033333333
410.621689,113.759288,-0.474242434,-0.033333333
411.099943,113.508328,-0.492245999,-0.033333333
411.573602,113.248799,-0.510249564,-0.033333333
412.042511,112.980786,-0.528253129,-0.033333333
412.506520,112.704374,-0.546256694,-0.033333333
412.965477,112.419653,-0.564260259,-0.033333333
413.419235,112.126716,-0.582263824,-0.033333333
413.867645,111.825658,-0.600267389,-0.033333333
414.310562,111.516576,-0.618270954,-0.033333333
414.747844,111.199571,-0.636274519,-0.033333333
415.179348,110.874744,-0.654278084,-0.033333333
415.604934,110.542203,-0.672281650,-0.033333333
416.024466,110.202055,-0.690248970,-0.032985740
416.437879,109.854495,-0.707821701,-0.032085561
416.845207,109.499823,-0.724908240,-0.031185383
417.246504,109.138340,-0.741508586,-0.030285205
417.641835,108.770342,-0.757622739,-0.029385027
418.031276,108.396116,-0.773250700,-0.028484848
418.414914,108.015943,-0.788392469,-0.027584670
418.792846,107.630096,-0.803048044,-0.026684492
419.165178,107.238842,-0.817217428,-0.025784314
419.532025,106.842441,-0.830900619,-0.024884135
419.893512,106.441145,-0.844097617,-0.023983957
420.249771,106.035200,-0.856808423,-0.023083779
420.600941,105.624845,-0.869033036,-0.022183601
420.947170,105.210312,-0.880771457,-0.021283422
421.288611,104.791825,-0.892023685,-0.020383244
421.625424,104.369606,-0.902789720,-0.019483066
421.957776,103.943865,-0.913069564,-0.018582888
422.285838,103.514810,-0.922863214,-0.017682709
422.609788,103.082641,-0.932170672,-0.016782531
422.929807,102.647553,-0.940991938,-0.015882353
423.246082,102.209736,-0.949327011,-0.014982175
423.558804,101.769374,-0.957175891,-0.014081996
423.868169,101.326646,-0.964538579,-0.013181818
424.174373,100.881726,-0.971415074,-0.012281640
424.477619,100.434785,-0.977805377,-0.011381462
424.778113,99.985989,-0.983709487,-0.010481283
425.076060,99.535498,-0.989127405,-0.009581105
425.371673,99.083472,-0.994059130,-0.008680927
425.665164,98.630064,-0.998504663,-0.007780749
425.956746,98.175427,-1.002464003,-0.006880570
426.246637,97.719709,-1.005937151,-0.005980392
426.535054,97.263057,-1.008924106,-0.005080214
426.822217,96.805616,-1.011424869,-0.004180036
427.108347,96.347527,-1.013439439,-0.003279857
427.393665,95.888933,-1.014967816,-0.002379679
427.678393,95.429972,-1.016010001,-0.001479501
427.962754,94.970783,-1.016565994,-0.000579323
428.246970,94.511504,-1.016666673,0.000000000
428.531177,94.052220,-1.016666673,0.000000000
428.815383,93.592935,-1.016666673,0.000000000
429.099589,93.133650,-1.016666673,0.000000000
429.383795,92.674366,-1.016666673,0.000000000
429.668001,92.215081,-1.016666673,0.000000000
429.952207,91.755796,-1.016666673,0.000000000
430.236413,91.296512,-1.016666673,0.000000000
430.520619,90.837227,-1.016666673,0.000000000
430.804825,90.377942,-1.016666673,0.000000000
431.089032,89.918658,-1.016666673,0.000000000
431.373238,89.459373,-1.016666673,0.000000000
431.657444,89.000088,-1.016666673,0.000000000
431.941650,88.540804,-1.016666673,0.000000000
432.225856,88.081519,-1.016666673,0.000000000
432.510062,87.622234,-1.016666673,0.000000000
432.794268,87.162950,-1.016666673,0.000000000
433.078474,86.703665,-1.016666673,0.000000000
433.362680,86.244380,-1.016666673,0.000000000
433.646887,85.785096,-1.016666673,0.000000000
433.931093,85.325811,-1.016666673,0.000000000
434.215299,84.866526,-1.016666673,0.000000000
434.499505,84.407242,-1.016666673,0.000000000
434.783711,83.947957,-1.016666673,0.000000000
435.067917,83.488672,-1.016666673,0.000000000
435.352123,83.029388,-1.016666673,0.000000000
435.636329,82.570103,-1.016666673,0.000000000
435.920535,82.110818,-1.016666673,0.000000000
436.204742,81.651534,-1.016666673,0.000000000
436.488948,81.192249,-1.016666673,0.000000000
436.773154,80.732964,-1.016666673,0.000000000
437.057360,80.273680,-1.016666673,0.000000000
437.341566,79.814395,-1.016666673,0.000000000
437.625772,79.355110,-1.016666673,0.000000000
437.909978,78.895826,-1.016666673,0.000000000
438.194184,78.436541,-1.016666673,0.000000000
438.478390,77.977256,-1.016666673,0.000000000
438.762597,77.517972,-1.016666673,0.000000000
439.046803,77.058687,-1.016666673,0.000000000
439.331009,76.599402,-1.016666673,0.000000000
439.615215,76.140118,-1.016666673,0.000000000
439.899421,75.680833,-1.016666673,0.000000000
440.183627,75.221548,-1.016666673,0.000000000
440.467833,74.762264,-1.016666673,0.000000000
440.752039,74.302979,-1.016666673,0.000000000
441.036245,73.843694,-1.016666673,0.000000000
441.320452,73.384410,-1.016666673,0.000000000
441.604658,72.925125,-1.016666673,0.000000000
441.888864,72.465840,-1.016666673,0.000000000
442.173070,72.006556,-1.016666673,0.000000000
442.457276,71.547271,-1.016666673,0.000000000
442.741482,71.087986,-1.016666673,0.000000000
443.025688,70.628702,-1.016666673,0.000000000
443.309894,70.169417,-1.016666673,0.000000000
443.594100,69.710132,-1.016666673,0.000000000
443.878307,69.250848,-1.016666673,0.000000000
444.162513,68.791563,-1.016666673,0.000000000
444.446719,68.332278,-1.016666673,0.000000000
444.730925,67.872994,-1.016666673,0.000000000
445.015131,67.413709,-1.016666673,0.000000000
445.299337,66.954424,-1.016666673,0.000000000
445.583543,66.495140,-1.016666673,0.000000000
445.867749,66.035855,-1.016666673,0.000000000
446.151955,65.576570,-1.016666673,0.000000000
446.436162,65.117286,-1.016666673,0.000000000
446.720368,64.658001,-1.016666673,0.000000000
447.004574,64.198716,-1.016666673,0.000000000
447.288780,63.739432,-1.016666673,0.000000000
447.572986,63.280147,-1.016666673,0.000000000
447.857192,62.820862,-1.016666673,0.000000000
448.141398,62.361578,-1.016666673,0.000000000
448.425604,61.902293,-1.016666673,0.000000000
448.709810,61.443008,-1.016666673,0.000000000
448.994017,60.983724,-1.016666673,0.000000000
449.278223,60.524439,-1.016666673,0.000000000
449.562429,60.065154,-1.016666673,0.000000000
449.846635,59.605870,-1.016666673,0.000000000
450.130841,59.146585,-1.016666673,0.000000000
450.415047,58.687300,-1.016666673,0.000000000
450.699253,58.228016,-1.016666673,0.000000000
450.983459,57.768731,-1.016666673,0.000000000
451.267665,57.309446,-1.016666673,0.000000000
451.551872,56.850162,-1.016666673,0.000000000
451.836078,56.390877,-1.016666673,0.000000000
452.120284,55.931592,-1.016666673,0.000000000
452.404490,55.472308,-1.016666673,0.000000000
452.688696,55.013023,-1.016666673,0.000000000
452.972902,54.553738,-1.016666673,0.000000000
453.257108,54.094454,-1.016666673,0.000000000
453.541314,53.635169,-1.016666673,0.000000000
453.825520,53.175884,-1.016666673,0.000000000
454.109727,52.716600,-1.016666673,0.000000000
454.393933,52.257315,-1.016666673,0.000000000
454.678139,51.798030,-1.016666673,0.000000000
454.962345,51.338746,-1.016666673,0.000000000
455.246551,50.879461,-1.016666673,0.000000000
455.530757,50.420176,-1.016666673,0.000000000
455.814963,49.960892,-1.016666673,0.000000000
456.099169,49.501607,-1.016666673,0.000000000
456.383375,49.042322,-1.016666673,0.000000000
456.667582,48.583038,-1.016666673,0.000000000
456.951788,48.123753,-1.016666673,0.000000000
457.235994,47.664468,-1.016666673,0.000000000
457.520200,47.205184,-1.016666673,0.000000000
457.804406,46.745899,-1.016666673,0.000000000
458.088612,46.286614,-1.016666673,0.000000000
458.372818,45.827330,-1.016666673,0.000000000
458.657024,45.368045,-1.016666673,0.000000000
458.941230,44.908760,-1.016666673,0.000000000
459.225437,44.449476,-1.016666673,0.000000000
459.509643,43.990191,-1.016666673,0.000000000
459.793849,43.530906,-1.016666673,0.000000000
460.078055,43.071622,-1.016666673,0.000000000
460.362261,42.612337,-1.016666673,0.000000000
460.646467,42.153052,-1.016666673,0.000000000
460.930673,41.693768,-1.016666673,0.000000000
461.214879,41.234483,-1.016666673,0.000000000
461.499085,40.775198,-1.016666673,0.000000000
461.783292,40.315914,-1.016666673,0.000000000
462.067498,39.856629,-1.016666673,0.000000000
462.351704,39.397344,-1.016666673,0.000000000
462.635910,38.938060,-1.016666673,0.000000000
462.920116,38.478775,-1.016666673,0.000000000
463.204322,38.019490,-1.016666673,0.000000000
463.488528,37.560206,-1.016666673,0.000000000
463.772734,37.100921,-1.016666673,0.000000000
464.056940,36.641636,-1.016666673,0.000000000
464.341147,36.182352,-1.016666673,0.000000000
464.625353,35.723067,-1.016666673,0.000000000
464.909559,35.263782,-1.016666673,0.000000000
465.193765,34.804498,-1.016666673,0.000000000
465.477971,34.345213,-1.016666673,0.000000000
465.762177,33.885928,-1.016666673,0.000000000
466.046383,33.426644,-1.016666673,0.000000000
466.330589,32.967359,-1.016666673,0.000000000
466.614795,32.508074,-1.016666673,0.000000000
466.899002,32.048790,-1.016666673,0.000000000
467.183208,31.589505,-1.016666673,0.000000000
467.467414,31.130220,-1.016666673,0.000000000
467.751620,30.670936,-1.016666673,0.000000000
468.035826,30.211651,-1.016666673,0.000000000
468.320032,29.752366,-1.016666673,0.000000000
468.604238,29.293082,-1.016666673,0.000000000
468.888444,28.833797,-1.016666673,0.000000000
469.172650,28.374512,-1.016666673,0.000000000
469.456857,27.915228,-1.016666673,0.000000000
469.741063,27.455943,-1.016666673,0.000000000
470.025269,26.996658,-1.016666673,0.000000000
470.309475,26.537374,-1.016666673,0.000000000
470.593681,26.078089,-1.016666673,0.000000000
470.877887,25.618804,-1.016666673,0.000000000
471.162093,25.159520,-1.016666673,0.000000000
471.446299,24.700235,-1.016666673,0.000000000
471.730505,24.240950,-1.016666673,0.000000000
472.014712,23.781666,-1.016666673,0.000000000
472.298918,23.322381,-1.016666673,0.000000000
472.583124,22.863096,-1.016666673,0.000000000
472.867330,22.403812,-1.016666673,0.000000000
473.151536,21.944527,-1.016666673,0.000000000
473.435742,21.485242,-1.016666673,0.000000000
473.719948,21.025958,-1.016666673,0.000000000
474.004154,20.566673,-1.016666673,0.000000000
474.288360,20.107388,-1.016666673,0.000000000
474.572567,19.648104,-1.016666673,0.000000000
474.856773,19.188819,-1.016666673,0.000000000
475.140979,18.729534,-1.016666673,0.000000000
475.425185,18.270250,-1.016666673,0.000000000
475.709391,17.810965,-1.016666673,0.000000000
475.993597,17.351680,-1.016666673,0.000000000
476.277803,16.892396,-1.016666673,0.000000000
476.562009,16.433111,-1.016666673,0.000000000
476.846215,15.973826,-1.016666673,0.000000000
477.130422,15.514542,-1.016666673,0.000000000
477.414628,15.055257,-1.016666673,0.000000000
477.698834,14.595972,-1.016666673,0.000000000
477.983040,14.136688,-1.016666673,0.000000000
478.267246,13.677403,-1.016666673,0.000000000
478.551452,13.218118,-1.016666673,0.000000000
478.835658,12.758834,-1.016666673,0.000000000
479.119864,12.299549,-1.016666673,0.000000000
479.404070,11.840264,-1.016666673,0.000000000
479.688277,11.380980,-1.016666673,0.000000000
479.972483,10.921695,-1.016666673,0.000000000
480.256689,10.462410,-1.016666673,0.000000000
480.540895,10.003126,-1.016666673,0.000000000
480.825101,9.543841,-1.016666673,0.000000000
481.109307,9.084556,-1.016666673,0.000000000
481.393513,8.625272,-1.016666673,0.000000000
481.677719,8.165987,-1.016666673,0.000000000
481.961925,7.706702,-1.016666673,0.000000000
482.246132,7.247418,-1.016666673,0.000000000
482.530338,6.788133,-1.016666673,0.000000000
482.814544,6.328848,-1.016666673,0.000000000
483.098750,5.869564,-1.016666673,0.000000000
483.382956,5.410279,-1.016666673,0.000000000
483.667162,4.950994,-1.016666673,0.000000000
483.951368,4.491710,-1.016666673,0.000000000
484.235574,4.032425,-1.016666673,0.000000000
484.519780,3.573140,-1.016666673,0.000000000
484.803987,3.113856,-1.016666673,0.000000000
485.088193,2.654571,-1.016666673,0.000000000
485.372399,2.195286,-1.016666673,0.000000000
485.656605,1.736002,-1.016666673,0.000000000
485.940811,1.276717,-1.016666673,0.000000000
486.225017,0.817432,-1.016666673,0.000000000
486.509223,0.358148,-1.016666673,0.000000000
486.793429,-0.101137,-1.016666673,0.000000000
487.077635,-0.560422,-1.016666673,0.000000000
487.361842,-1.019706,-1.016666673,0.000000000
487.646048,-1.478991,-1.016666673,0.000000000
487.930254,-1.938276,-1.016666673,0.000000000
488.214460,-2.397560,-1.016666673,0.000000000
488.498666,-2.856845,-1.016666673,0.000000000
488.782872,-3.316130,-1.016666673,0.000000000
489.067078,-3.775414,-1.016666673,0.000000000
489.351284,-4.234699,-1.016666673,0.000000000
489.635490,-4.693984,-1.016666673,0.000000000
489.919697,-5.153268,-1.016666673,0.000000000
490.203903,-5.612553,-1.016666673,0.000000000
490.488109,-6.071838,-1.016666673,0.000000000
490.772315,-6.531122,-1.016666673,0.000000000
491.056521,-6.990407,-1.016666673,0.000000000
491.340727,-7.449692,-1.016666673,0.000000000
491.624933,-7.908976,-1.016666673,0.000000000
491.909139,-8.368261,-1.016666673,0.000000000
492.193345,-8.827546,-1.016666673,0.000000000
492.477552,-9.286830,-1.016666673,0.000000000
492.761758,-9.746115,-1.016666673,0.000000000
493.045964,-10.205400,-1.016666673,0.000000000
493.330170,-10.664684,-1.016666673,0.000000000
493.614376,-11.123969,-1.016666673,0.000000000
493.898582,-11.583254,-1.016666673,0.000000000
494.182788,-12.042538,-1.016666673,0.000000000
494.466994,-12.501823,-1.016666673,0.000000000
494.751200,-12.961108,-1.016666673,0.000000000
495.035406,-13.420392,-1.016666673,0.000000000
495.319613,-13.879677,-1.016666673,0.000000000
495.603819,-14.338962,-1.016666673,0.000000000
495.888025,-14.798246,-1.016666673,0.000000000
496.172231,-15.257531,-1.016666673,0.000000000
496.456437,-15.716816,-1.016666673,0.000000000
496.740643,-16.176100,-1.016666673,0.000000000
497.024849,-16.635385,-1.016666673,0.000000000
497.309055,-17.094670,-1.016666673,0.000000000
497.593261,-17.553954,-1.016666673,0.000000000
497.877468,-18.013239,-1.016666673,0.000000000
498.161674,-18.472524,-1.016666673,0.000000000
498.445880,-18.931808,-1.016666673,0.000000000
498.730086,-19.391093,-1.016666673,0.000000000
499.014292,-19.850378,-1.016666673,0.000000000
499.298498,-20.309662,-1.016666673,0.000000000
499.582704,-20.768947,-1.016666673,0.000000000
499.866910,-21.228232,-1.016666673,0.000000000
500.151116,-21.687516,-1.016666673,0.000000000
500.435323,-22.146801,-1.016666673,0.000000000
500.719529,-22.606086,-1.016666673,0.000000000
501.003735,-23.065370,-1.016666673,0.000000000
501.287941,-23.524655,-1.016666673,0.000000000
501.572147,-23.983940,-1.016666673,0.000000000
501.856353,-24.443224,-1.016666673,0.000000000
502.140559,-24.902509,-1.016666673,0.000000000
502.424765,-25.361794,-1.016666673,0.000000000
502.708971,-25.821078,-1.016666673,0.000000000
502.993178,-26.280363,-1.016666673,0.000000000
503.277384,-26.739648,-1.016666673,0.000000000
503.561590,-27.198932,-1.016666673,0.000000000
503.845796,-27.658217,-1.016666673,0.000000000
504.130002,-28.117502,-1.016666673,0.000000000
504.414208,-28.576786,-1.016666673,0.000000000
504.698414,-29.036071,-1.016666673,0.000000000
504.982620,-29.495356,-1.016666673,0.000000000
505.266826,-29.954640,-1.016666673,0.000000000
505.551033,-30.413925,-1.016666673,0.000000000
505.835239,-30.873210,-1.016666673,0.000000000
506.119445,-31.332495,-1.016666673,0.000000000
506.403651,-31.791779,-1.016666673,0.000000000
506.687857,-32.251064,-1.016666673,0.000000000
506.972063,-32.710349,-1.016666673,0.000000000
507.256269,-33.169633,-1.016666673,0.000000000
507.540475,-33.628918,-1.016666673,0.000000000
507.824681,-34.088203,-1.016666673,0.000000000
508.108888,-34.547487,-1.016666673,0.000000000
508.393094,-35.006772,-1.016666673,0.000000000
508.677300,-35.466057,-1.016666369,0.000014260
508.961515,-35.925335,-1.016610048,0.000194296
509.245779,-36.384584,-1.016456488,0.000374332
509.530135,-36.843776,-1.016205690,0.000554367
509.814629,-37.302882,-1.015857653,0.000734403
510.099305,-37.761876,-1.015412378,0.000914439
510.384208,-38.220729,-1.014869864,0.001094474
510.669382,-38.679413,-1.014230111,0.001274510
510.954872,-39.137901,-1.013493121,0.001454545
511.240721,-39.596165,-1.012658891,0.001634581
511.526976,-40.054176,-1.011727423,0.001814617
511.813678,-40.511906,-1.010698717,0.001994652
512.100874,-40.969327,-1.009572772,0.002174688
512.388607,-41.426410,-1.008349589,0.002354724
512.676921,-41.883127,-1.007029167,0.002534759
512.965860,-42.339449,-1.005611506,0.002714795
513.255468,-42.795347,-1.004096607,0.002894831
513.545788,-43.250792,-1.002484470,0.003074866
513.836865,-43.705753,-1.000775094,0.003254902
514.128740,-44.160202,-0.998968480,0.003434938
514.421458,-44.614109,-0.997064627,0.003614973
514.715062,-45.067444,-0.995063535,0.003795009
515.009595,-45.520176,-0.992965205,0.003975045
515.305098,-45.972274,-0.990769637,0.004155080
515.601616,-46.423708,-0.988476830,0.004335116
515.899190,-46.874447,-0.986086784,0.004515152
516.197862,-47.324458,-0.983599501,0.004695187
516.497674,-47.773711,-0.981014978,0.004875223
516.798668,-48.222172,-0.978333217,0.005055258
517.100886,-48.669810,-0.975554218,0.005235294
517.404368,-49.116592,-0.972677980,0.005415330
517.709155,-49.562484,-0.969704503,0.005595365
518.015289,-50.007454,-0.966633788,0.005775401
518.322809,-50.451465,-0.963465834,0.005955437
518.631756,-50.894486,-0.960200642,0.006135472
518.942169,-51.336480,-0.956838212,0.006315508
519.254088,-51.777413,-0.953378543,0.006495544
519.567552,-52.217249,-0.949821753,0.006666667
519.882592,-52.655958,-0.946221040,0.006666667
520.199209,-53.093529,-0.942620327,0.006666667
520.517400,-53.529958,-0.939019614,0.006666667
520.837160,-53.965238,-0.935418901,0.006666667
521.158485,-54.399363,-0.931818188,0.006666667
521.481371,-54.832329,-0.928217475,0.006666667
521.805815,-55.264130,-0.924616762,0.006666667
522.131811,-55.694760,-0.921016049,0.006666667
522.459355,-56.124213,-0.917415336,0.006666667
522.788444,-56.552483,-0.913814623,0.006666667
523.119072,-56.979566,-0.910213910,0.006666667
523.451236,-57.405456,-0.906613197,0.006666667
523.784932,-57.830147,-0.903012484,0.006666667
524.120155,-58.253634,-0.899411771,0.006666667
524.456900,-58.675911,-0.895811058,0.006666667
524.795164,-59.096973,-0.892210345,0.006666667
525.134941,-59.516814,-0.888609632,0.006666667
525.476228,-59.935428,-0.885008918,0.006666667
525.819020,-60.352812,-0.881408205,0.006666667
526.163313,-60.768958,-0.877807492,0.006666667
526.509102,-61.183862,-0.874206779,0.006666667
526.856383,-61.597518,-0.870606066,0.006666667
527.205151,-62.009921,-0.867005353,0.006666667
527.555401,-62.421065,-0.863404640,0.006666667
527.907130,-62.830946,-0.859803927,0.006666667
528.260332,-63.239557,-0.856203214,0.006666667
528.615004,-63.646894,-0.852602501,0.006666667
528.971139,-64.052952,-0.849001788,0.006666667
529.328735,-64.457724,-0.845401075,0.006666667
529.687785,-64.861206,-0.841800362,0.006666667
530.048286,-65.263393,-0.838199649,0.006666667
530.410233,-65.664279,-0.834598936,0.006666667
530.773621,-66.063859,-0.830998223,0.006666667
531.138446,-66.462128,-0.827397510,0.006666667
531.504702,-66.859081,-0.823796797,0.006666667
531.872385,-67.254713,-0.820196084,0.006666667
532.241490,-67.649018,-0.816595371,0.006666667
532.612013,-68.041991,-0.812994658,0.006666667
532.983948,-68.433628,-0.809393945,0.006666667
533.357291,-68.823923,-0.805793232,0.006666667
533.732037,-69.212871,-0.802192519,0.006666667
534.108181,-69.600468,-0.798591806,0.006666667
534.485718,-69.986707,-0.794991093,0.006666667
534.864644,-70.371585,-0.791390380,0.006666667
535.244953,-70.755095,-0.787789667,0.006666667
535.626640,-71.137234,-0.784188954,0.006666667
536.009700,-71.517996,-0.780588241,0.006666667
536.394130,-71.897376,-0.776987528,0.006666667
536.779923,-72.275370,-0.773386815,0.006666667
537.167074,-72.651972,-0.769786102,0.006666667
537.555579,-73.027177,-0.766185389,0.006666667
537.945432,-73.400981,-0.762584676,0.006666667
538.336629,-73.773379,-0.758983963,0.006666667
538.729164,-74.144366,-0.755383250,0.006666667
539.123033,-74.513938,-0.751782537,0.006666667
539.518229,-74.882088,-0.748181824,0.006666667
539.914749,-75.248813,-0.744581111,0.006666667
540.312586,-75.614109,-0.740980398,0.006666667
540.711737,-75.977969,-0.737379685,0.006666667
541.112194,-76.340389,-0.733778972,0.006666667
541.513955,-76.701366,-0.730178259,0.006666667
541.917012,-77.060893,-0.726577546,0.006666667
542.321361,-77.418967,-0.722976833,0.006666667
542.726997,-77.775582,-0.719376120,0.006666667
543.133915,-78.130735,-0.715775407,0.006666667
543.542108,-78.484420,-0.712174694,0.006666667
543.951573,-78.836633,-0.708573981,0.006666667
544.362303,-79.187370,-0.704973268,0.006666667
544.774293,-79.536625,-0.701372555,0.006666667
545.187538,-79.884394,-0.697771842,0.006666667
545.602033,-80.230674,-0.694171129,0.006666667
546.017772,-80.575458,-0.690570416,0.006666667
546.434750,-80.918744,-0.686969703,0.006666667
546.852961,-81.260525,-0.683368990,0.006666667
547.272400,-81.600799,-0.679768277,0.006666667
547.693061,-81.939560,-0.676167564,0.006666667
548.114940,-82.276805,-0.672566851,0.006666667
548.538030,-82.612528,-0.668966138,0.006666667
548.962326,-82.946725,-0.665365425,0.006666667
549.387823,-83.279393,-0.661764712,0.006666667
549.814515,-83.610526,-0.658163999,0.006666667
550.242396,-83.940121,-0.654563286,0.006666667
550.671461,-84.268173,-0.650962573,0.006666667
551.101705,-84.594677,-0.647361860,0.006666667
551.533122,-84.919631,-0.643761147,0.006666667
551.965706,-85.243029,-0.640160434,0.006666667
552.399452,-85.564867,-0.636559721,0.006666667
552.834353,-85.885142,-0.632959008,0.006666667
553.270405,-86.203848,-0.629358295,0.006666667
553.707602,-86.520983,-0.625757582,0.006666667
554.145938,-86.836541,-0.622156869,0.006666667
554.585407,-87.150518,-0.618556156,0.006666667
555.026004,-87.462912,-0.614955443,0.006666667
555.467723,-87.773716,-0.611354730,0.006666667
555.910558,-88.082929,-0.607754017,0.006666667
556.354504,-88.390544,-0.604153304,0.006666667
556.799554,-88.696559,-0.600552591,0.006666667
557.245704,-89.000970,-0.596951877,0.006666667
557.692947,-89.303772,-0.593351164,0.006666667
558.141277,-89.604962,-0.589750451,0.006666667
558.590688,-89.904536,-0.586149738,0.006666667
559.041176,-90.202490,-0.582549025,0.006666667
559.492733,-90.498819,-0.578948312,0.006666667
559.945354,-90.793521,-0.575347599,0.006666667
560.399034,-91.086591,-0.571746886,0.006666667
560.853766,-91.378025,-0.568146173,0.006666667
561.309544,-91.667821,-0.564545460,0.006666667
561.766363,-91.955973,-0.560944747,0.006666667
562.224216,-92.242479,-0.557344034,0.006666667
562.683099,-92.527334,-0.553743321,0.006666667
563.143003,-92.810535,-0.550142608,0.006666667
563.603925,-93.092078,-0.546541895,0.006666667
564.065857,-93.371959,-0.542941182,0.006666667
564.528794,-93.650176,-0.539340469,0.006666667
564.992730,-93.926724,-0.535739756,0.006666667
565.457659,-94.201599,-0.532139043,0.006666667
565.923574,-94.474799,-0.528538330,0.006666667
566.390470,-94.746320,-0.524937617,0.006666667
566.858341,-95.016157,-0.521336904,0.006666667
567.327180,-95.284308,-0.517736191,0.006666667
567.796982,-95.550769,-0.514135478,0.006666667
568.267740,-95.815537,-0.510534765,0.006666667
568.739448,-96.078608,-0.506934052,0.006666667
569.212101,-96.339979,-0.503333339,0.006666667
569.685692,-96.599646,-0.499732626,0.006666667
570.160214,-96.857606,-0.496131913,0.006666667
570.635663,-97.113856,-0.492531200,0.006666667
571.112030,-97.368393,-0.488930487,0.006666667
571.589312,-97.621212,-0.485329774,0.006666667
572.067500,-97.872311,-0.481729061,0.006666667
572.546590,-98.121687,-0.478128348,0.006666667
573.026575,-98.369336,-0.474527635,0.006666667
573.507448,-98.615256,-0.470926922,0.006666667
573.989203,-98.859442,-0.467326209,0.006666667
574.471835,-99.101892,-0.463725496,0.006666667
574.955336,-99.342603,-0.460124783,0.006666667
575.439701,-99.581571,-0.456524070,0.006666667
575.924923,-99.818793,-0.452923357,0.006666667
576.410997,-100.054267,-0.449322644,0.006666667
576.897915,-100.287989,-0.445721931,0.006666667
577.385671,-100.519956,-0.442121218,0.006666667
577.874260,-100.750166,-0.438520505,0.006666667
578.363674,-100.978614,-0.434919792,0.006666667
578.853908,-101.205300,-0.431319079,0.006666667
579.344955,-101.430218,-0.427718366,0.006666667
579.836808,-101.653367,-0.424117653,0.006666667
580.329462,-101.874743,-0.420516940,0.006666667
580.822909,-102.094344,-0.416916227,0.006666667
581.317145,-102.312167,-0.413315514,0.006666667
581.812161,-102.528209,-0.409714801,0.006666667
582.307952,-102.742467,-0.406114088,0.006666667
582.804511,-102.954938,-0.402513375,0.006666667
583.301832,-103.165620,-0.398912662,0.006666667
583.799909,-103.374510,-0.395311949,0.006666667
584.298734,-103.581606,-0.391711236,0.006666667
584.798302,-103.786903,-0.388110523,0.006666667
585.298606,-103.990401,-0.384509810,0.006666667
585.799639,-104.192096,-0.380909097,0.006666667
586.301395,-104.391985,-0.377308384,0.006666667
586.803868,-104.590067,-0.373707671,0.006666667
587.307051,-104.786338,-0.370106958,0.006666667
587.810937,-104.980796,-0.366506245,0.006666667
588.315520,-105.173438,-0.362905532,0.006666667
588.820794,-105.364262,-0.359304819,0.006666667
589.326751,-105.553266,-0.355704106,0.006666667
589.833386,-105.740447,-0.352103393,0.006666667
590.340691,-105.925802,-0.348502680,0.006666667
590.848661,-106.109329,-0.344901967,0.006666667
591.357288,-106.291026,-0.341301254,0.006666667
591.866565,-106.470890,-0.337700541,0.006666667
592.376488,-106.648920,-0.334099828,0.006666667
592.887048,-106.825112,-0.330499115,0.006666667
593.398239,-106.999465,-0.326898402,0.006666667
593.910054,-107.171976,-0.323297689,0.006666667
594.422488,-107.342643,-0.319696976,0.006666667
594.935532,-107.511464,-0.316096263,0.006666667
595.449181,-107.678436,-0.312495550,0.006666667
595.963429,-107.843558,-0.308894836,0.006666667
596.478267,-108.006827,-0.305294123,0.006666667
596.993690,-108.168241,-0.301693410,0.006666667
597.509690,-108.327798,-0.298092697,0.006666667
598.026262,-108.485496,-0.294491984,0.006666667
598.543398,-108.641334,-0.290891271,0.006666667
599.061092,-108.795308,-0.287290558,0.006666667
599.579338,-108.947417,-0.283689845,0.006666667
600.098127,-109.097659,-0.280089132,0.006666667
600.617454,-109.246032,-0.276488419,0.006666667
601.137312,-109.392534,-0.272887706,0.006666667
601.657694,-109.537163,-0.269286993,0.006666667
602.178594,-109.679918,-0.265686280,0.006666667
602.700004,-109.820796,-0.262085567,0.006666667
603.221918,-109.959796,-0.258484854,0.006666667
603.744329,-110.096916,-0.254884141,0.006666667
604.267231,-110.232153,-0.251283428,0.006666667
604.790616,-110.365507,-0.247682715,0.006666667
605.314478,-110.496976,-0.244082002,0.006666667
605.838809,-110.626557,-0.240481289,0.006666667
606.363604,-110.754250,-0.236880576,0.006666667
606.888856,-110.880052,-0.233279863,0.006666667
607.414557,-111.003962,-0.229679150,0.006666667
607.940700,-111.125979,-0.226078437,0.006666667
608.467280,-111.246100,-0.222477724,0.006666667
608.994289,-111.364324,-0.218877011,0.006666667
609.521720,-111.480650,-0.215276298,0.006666667
610.049566,-111.595076,-0.211675585,0.006666667
610.577821,-111.707601,-0.208074872,0.006666667
611.106478,-111.818222,-0.204474159,0.006666667
611.635530,-111.926940,-0.200873446,0.006666667
612.164970,-112.033752,-0.197272733,0.006666667
612.694790,-112.138657,-0.193672020,0.006666667
613.224986,-112.241653,-0.190071307,0.006666667
613.755548,-112.342740,-0.186470594,0.006666667
614.286471,-112.441916,-0.182869881,0.006666667
614.817748,-112.539179,-0.179269168,0.006666667
615.349372,-112.634529,-0.175668455,0.006666667
615.881335,-112.727964,-0.172067742,0.006666667
616.413632,-112.819483,-0.168467029,0.006666667
616.946254,-112.909084,-0.164866316,0.006666667
617.479196,-112.996767,-0.161265603,0.006666667
618.012450,-113.082531,-0.157664890,0.006666667
618.546009,-113.166374,-0.154064177,0.006666667
619.079867,-113.248295,-0.150463464,0.006666667
619.614015,-113.328300,-0.146899660,0.006509804
620.148442,-113.406425,-0.143432289,0.006329768
620.683132,-113.482724,-0.140062156,0.006149733
621.218073,-113.557245,-0.136789262,0.005969697
621.753252,-113.630042,-0.133613606,0.005789661
622.288655,-113.701165,-0.130535189,0.005609626
622.824271,-113.770665,-0.127554011,0.005429590
623.360089,-113.838594,-0.124670071,0.005249554
623.896098,-113.905004,-0.121883369,0.005069519
624.432286,-113.969946,-0.119193906,0.004889483
624.968644,-114.033471,-0.116601682,0.004709447
625.505162,-114.095632,-0.114106696,0.004529412
626.041830,-114.156481,-0.111708948,0.004349376
626.578640,-114.216068,-0.109408439,0.004169340
627.115583,-114.274447,-0.107205168,0.003989305
627.652650,-114.331669,-0.105099136,0.003809269
628.189834,-114.387785,-0.103090343,0.003629234
628.727126,-114.442848,-0.101178788,0.003449198
629.264521,-114.496911,-0.099364471,0.003269162
629.802010,-114.550024,-0.097647393,0.003089127
630.339586,-114.602241,-0.096027554,0.002909091
630.877245,-114.653613,-0.094504953,0.002729055
631.414978,-114.704192,-0.093079591,0.002549020
631.952781,-114.754031,-0.091751467,0.002368984
632.490647,-114.803181,-0.090520581,0.002188948
633.028570,-114.851696,-0.089386934,0.002008913
633.566546,-114.899627,-0.088350526,0.001828877
634.104569,-114.947027,-0.087411356,0.001648841
634.642634,-114.993947,-0.086569424,0.001468806
635.180736,-115.040441,-0.085824732,0.001288770
635.718870,-115.086560,-0.085177277,0.001108734
636.257032,-115.132357,-0.084627061,0.000928699
636.795217,-115.177884,-0.084174084,0.000748663
637.333420,-115.223193,-0.083818345,0.000568627
637.871637,-115.268337,-0.083559845,0.000388592
638.409864,-115.313368,-0.083398583,0.000208556
638.948095,-115.358338,-0.083334559,0.000028520
639.486328,-115.403295,-0.083333342,0.000000000
640.024560,-115.448252,-0.083333342,0.000000000
640.562793,-115.493209,-0.083333342,0.000000000
641.101026,-115.538166,-0.083333342,0.000000000
641.639258,-115.583123,-0.083333342,0.000000000
642.177491,-115.628080,-0.083333342,0.000000000
642.715724,-115.673036,-0.083333342,0.000000000
643.253956,-115.717993,-0.083333342,0.000000000
643.792189,-115.762950,-0.083333342,0.000000000
644.330422,-115.807907,-0.083333342,0.000000000
644.868654,-115.852864,-0.083333342,0.000000000
645.406887,-115.897821,-0.083333342,0.000000000
645.945120,-115.942777,-0.083333342,0.000000000
646.483352,-115.987734,-0.083333342,0.000000000
647.021585,-116.032691,-0.083333342,0.000000000
647.559818,-116.077648,-0.083333342,0.000000000
648.098050,-116.122605,-0.083333342,0.000000000
648.636283,-116.167562,-0.083333342,0.000000000
649.174516,-116.212519,-0.083333342,0.000000000
649.712748,-116.257475,-0.083333342,0.000000000
650.250981,-116.302432,-0.083333342,0.000000000
650.789214,-116.347389,-0.083333342,0.000000000
651.327446,-116.392346,-0.083333342,0.000000000
651.865679,-116.437303,-0.083333342,0.000000000
652.403912,-116.482260,-0.083333342,0.000000000
652.942144,-116.527216,-0.083333342,0.000000000
653.480377,-116.572173,-0.083333342,0.000000000
654.018610,-116.617130,-0.083333342,0.000000000
654.556842,-116.662087,-0.083333342,0.000000000
655.095075,-116.707044,-0.083333342,0.000000000
655.633308,-116.752001,-0.083333342,0.000000000
656.171540,-116.796957,-0.083333342,0.000000000
656.709773,-116.841914,-0.083333342,0.000000000
657.248006,-116.886871,-0.083333342,0.000000000
657.786238,-116.931828,-0.083333342,0.000000000
658.324471,-116.976785,-0.083333342,0.000000000
658.862704,-117.021742,-0.083333342,0.000000000
659.400936,-117.066698,-0.083333342,0.000000000
659.939169,-117.111655,-0.083333342,0.000000000
660.477402,-117.156612,-0.083333342,0.000000000
661.015634,-117.201569,-0.083333342,0.000000000
661.553867,-117.246526,-0.083333342,0.000000000
662.092100,-117.291483,-0.083333342,0.000000000
662.630332,-117.336440,-0.083333342,0.000000000
663.168565,-117.381396,-0.083333342,0.000000000
663.706798,-117.426353,-0.083333342,0.000000000
664.245030,-117.471310,-0.083333342,0.000000000
664.783263,-117.516267,-0.083333342,0.000000000
665.321496,-117.561224,-0.083333342,0.000000000
665.859728,-117.606181,-0.083333342,0.000000000
666.397961,-117.651137,-0.083333342,0.000000000
666.936194,-117.696094,-0.083333342,0.000000000
667.474426,-117.741051,-0.083333342,0.000000000
668.012659,-117.786008,-0.083333342,0.000000000
668.550892,-117.830965,-0.083333342,0.000000000
669.089124,-117.875922,-0.083333342,0.000000000
669.627357,-117.920878,-0.083333342,0.000000000
670.165590,-117.965835,-0.083333342,0.000000000
670.703822,-118.010792,-0.083333342,0.000000000
671.242055,-118.055749,-0.083333342,0.000000000
671.780288,-118.100706,-0.083333342,0.000000000
672.318520,-118.145663,-0.083333342,0.000000000
672.856753,-118.190620,-0.083333342,0.000000000
673.394986,-118.235576,-0.083333342,0.000000000
673.933218,-118.280533,-0.083333342,0.000000000
674.471451,-118.325490,-0.083333342,0.000000000
675.009684,-118.370447,-0.083333342,0.000000000
675.547916,-118.415404,-0.083333342,0.000000000
676.086149,-118.460361,-0.083333342,0.000000000
676.624382,-118.505317,-0.083333342,0.000000000
677.162614,-118.550274,-0.083333342,0.000000000
677.700847,-118.595231,-0.083333342,0.000000000
678.239080,-118.640188,-0.083333342,0.000000000
678.777312,-118.685145,-0.083333342,0.000000000
679.315545,-118.730102,-0.083333342,0.000000000
679.853778,-118.775058,-0.083333342,0.000000000
680.392010,-118.820015,-0.083333342,0.000000000
680.930243,-118.864972,-0.083333342,0.000000000
681.468476,-118.909929,-0.083333342,0.000000000
682.006708,-118.954886,-0.083333342,0.000000000
682.544941,-118.999843,-0.083333342,0.000000000
683.083174,-119.044800,-0.083333342,0.000000000
683.621406,-119.089756,-0.083333342,0.000000000
684.159639,-119.134713,-0.083333342,0.000000000
684.697872,-119.179670,-0.083333342,0.000000000
685.236104,-119.224627,-0.083333342,0.000000000
685.774337,-119.269584,-0.083333342,0.000000000
686.312570,-119.314541,-0.083333342,0.000000000
686.850802,-119.359497,-0.083333342,0.000000000
687.389035,-119.404454,-0.083333342,0.000000000
687.927268,-119.449411,-0.083333342,0.000000000
688.465500,-119.494368,-0.083333342,0.000000000
689.003733,-119.539325,-0.083333342,0.000000000
689.541966,-119.584282,-0.083333342,0.000000000
690.080198,-119.629238,-0.083333342,0.000000000
690.618431,-119.674195,-0.083333342,0.000000000
691.156664,-119.719152,-0.083333342,0.000000000
691.694896,-119.764109,-0.083333342,0.000000000
692.233129,-119.809066,-0.083333342,0.000000000
692.771362,-119.854023,-0.083333342,0.000000000
693.309594,-119.898980,-0.083333342,0.000000000
693.847827,-119.943936,-0.083333342,0.000000000
694.386060,-119.988893,-0.083333342,0.000000000
694.924292,-120.033850,-0.083333342,0.000000000
695.462525,-120.078807,-0.083333342,0.000000000
696.000758,-120.123764,-0.083333342,0.000000000
696.538990,-120.168721,-0.083333342,0.000000000
697.077223,-120.213677,-0.083333342,0.000000000
697.615456,-120.258634,-0.083333342,0.000000000
698.153688,-120.303591,-0.083333342,0.000000000
698.691921,-120.348548,-0.083333342,0.000000000
699.230154,-120.393505,-0.083333342,0.000000000
699.768386,-120.438462,-0.083333342,0.000000000
700.306619,-120.483418,-0.083333342,0.000000000
700.844852,-120.528375,-0.083333342,0.000000000
701.383084,-120.573332,-0.083333342,0.000000000
701.921317,-120.618289,-0.083333342,0.000000000
702.459550,-120.663246,-0.083333342,0.000000000
702.997782,-120.708203,-0.083333342,0.000000000
703.536015,-120.753160,-0.083333342,0.000000000
704.074248,-120.798116,-0.083333342,0.000000000
704.612480,-120.843073,-0.083333342,0.000000000
705.150713,-120.888030,-0.083333342,0.000000000
705.688946,-120.932987,-0.083333342,0.000000000
706.227178,-120.977944,-0.083333342,0.000000000
706.765411,-121.022901,-0.083333342,0.000000000
707.303644,-121.067857,-0.083333342,0.000000000
707.841876,-121.112814,-0.083333342,0.000000000
708.380109,-121.157771,-0.083333342,0.000000000
708.918342,-121.202728,-0.083333342,0.000000000
709.456574,-121.247685,-0.083333342,0.000000000
709.994807,-121.292642,-0.083333342,0.000000000
710.533040,-121.337598,-0.083333342,0.000000000
711.071272,-121.382555,-0.083333342,0.000000000
711.609505,-121.427512,-0.083333342,0.000000000
712.147738,-121.472469,-0.083333342,0.000000000
712.685970,-121.517426,-0.083333342,0.000000000
713.224203,-121.562383,-0.083333342,0.000000000
713.762436,-121.607340,-0.083333342,0.000000000
714.300668,-121.652296,-0.083333342,0.000000000
714.838901,-121.697253,-0.083333342,0.000000000
715.377134,-121.742210,-0.083333342,0.000000000
715.915366,-121.787167,-0.083333342,0.000000000
716.453599,-121.832124,-0.083333342,0.000000000
716.991832,-121.877081,-0.083333342,0.000000000
717.530064,-121.922037,-0.083333342,0.000000000
718.068297,-121.966994,-0.083333342,0.000000000
718.606530,-122.011951,-0.083333342,0.000000000
719.144762,-122.056908,-0.083333342,0.000000000
719.682995,-122.101865,-0.083333342,0.000000000
720.221228,-122.146822,-0.083333342,0.000000000
720.759460,-122.191778,-0.083333342,0.000000000
721.297693,-122.236735,-0.083333342,0.000000000
721.835926,-122.281692,-0.083333342,0.000000000
722.374158,-122.326649,-0.083333342,0.000000000
722.912391,-122.371606,-0.083333342,0.000000000
723.450624,-122.416563,-0.083333342,0.000000000
723.988856,-122.461520,-0.083333342,0.000000000
724.527089,-122.506476,-0.083333342,0.000000000
725.065322,-122.551433,-0.083333342,0.000000000
725.603554,-122.596390,-0.083333342,0.000000000
726.141787,-122.641347,-0.083333342,0.000000000
726.680020,-122.686304,-0.083333342,0.000000000
727.218252,-122.731261,-0.083333342,0.000000000
727.756485,-122.776217,-0.083333342,0.000000000
728.294718,-122.821174,-0.083333342,0.000000000
728.832950,-122.866131,-0.083333342,0.000000000
729.371183,-122.911088,-0.083333342,0.000000000
729.909416,-122.956045,-0.083333342,0.000000000
730.447648,-123.001002,-0.083333342,0.000000000
730.985881,-123.045958,-0.083333342,0.000000000
731.524114,-123.090915,-0.083333342,0.000000000
732.062346,-123.135872,-0.083333342,0.000000000
732.600579,-123.180829,-0.083333342,0.000000000
733.138812,-123.225786,-0.083333342,0.000000000
733.677044,-123.270743,-0.083333342,0.000000000
734.215277,-123.315700,-0.083333342,0.000000000
734.753510,-123.360656,-0.083333342,0.000000000
735.291742,-123.405613,-0.083333342,0.000000000
735.829975,-123.450570,-0.083333342,0.000000000
736.368208,-123.495527,-0.083333342,0.000000000
736.906440,-123.540484,-0.083333342,0.000000000
737.444673,-123.585441,-0.083333342,0.000000000
737.982906,-123.630397,-0.083333342,0.000000000
738.521138,-123.675354,-0.083333342,0.000000000
739.059371,-123.720311,-0.083333342,0.000000000
739.597604,-123.765268,-0.083333342,0.000000000
740.135836,-123.810225,-0.083333342,0.000000000
740.674069,-123.855182,-0.083333342,0.000000000
741.212302,-123.900138,-0.083333342,0.000000000
741.750534,-123.945095,-0.083333342,0.000000000
742.288767,-123.990052,-0.083333342,0.000000000
742.827000,-124.035009,-0.083333342,0.000000000
743.365232,-124.079966,-0.083333342,0.000000000
743.903465,-124.124923,-0.083333342,0.000000000
744.441698,-124.169880,-0.083333342,0.000000000
744.979930,-124.214836,-0.083333342,0.000000000
745.518163,-124.259793,-0.083333342,0.000000000
746.056396,-124.304750,-0.083333342,0.000000000
746.594628,-124.349707,-0.083333342,0.000000000
747.132861,-124.394664,-0.083333342,0.000000000
747.671094,-124.439621,-0.083333342,0.000000000
748.209326,-124.484577,-0.083333342,0.000000000
748.747559,-124.529534,-0.083333342,0.000000000
749.285792,-124.574491,-0.083333342,0.000000000
749.824024,-124.619448,-0.083333342,0.000000000
750.362257,-124.664405,-0.083333342,0.000000000
750.900490,-124.709362,-0.083333342,0.000000000
751.438722,-124.754318,-0.083333342,0.000000000
751.976955,-124.799275,-0.083333342,0.000000000
752.515188,-124.844232,-0.083333342,0.000000000
753.053420,-124.889189,-0.083333342,0.000000000
753.591653,-124.934146,-0.083333342,0.000000000
754.129886,-124.979103,-0.083333342,0.000000000
754.668118,-125.024060,-0.083333342,0.000000000
755.206351,-125.069016,-0.083333342,0.000000000
755.744583,-125.113973,-0.083333342,0.000000000
756.282816,-125.158930,-0.083333342,0.000000000
756.821049,-125.203887,-0.083333342,0.000000000
757.359281,-125.248844,-0.083333342,0.000000000
757.897514,-125.293801,-0.083333342,0.000000000
758.435747,-125.338757,-0.083333342,0.000000000
758.973978,-125.383735,-0.083504499,-0.000955437
759.512185,-125.428992,-0.084409491,-0.002395722
760.050334,-125.474946,-0.086092391,-0.003836007
760.588386,-125.522015,-0.088553200,-0.005276292
761.126301,-125.570617,-0.091791916,-0.006716578
761.664037,-125.621170,-0.095808540,-0.008156863
762.201544,-125.674092,-0.100603072,-0.009597148
762.738770,-125.729799,-0.106175513,-0.011037433
763.275654,-125.788707,-0.112525861,-0.012477718
763.812128,-125.851233,-0.119654118,-0.013918004
764.348117,-125.917789,-0.127560282,-0.015358289
764.883535,-125.988789,-0.136244355,-0.016798574
765.418287,-126.064644,-0.145706335,-0.018238859
765.952265,-126.145763,-0.155946224,-0.019679144
766.485351,-126.232552,-0.166964021,-0.021119430
767.017411,-126.325417,-0.178759725,-0.022559715
767.548300,-126.424757,-0.191333338,-0.024000000
768.077857,-126.530971,-0.204684859,-0.025440285
768.605903,-126.644450,-0.218814288,-0.026880570
769.132246,-126.765584,-0.233721625,-0.028320856
769.656674,-126.894754,-0.249406870,-0.029761141
770.178957,-127.032336,-0.265870023,-0.031201426
770.698847,-127.178701,-0.283111084,-0.032641711
771.216076,-127.334207,-0.301130053,-0.034081996
771.730354,-127.499207,-0.319926931,-0.035522282
772.241371,-127.674043,-0.339501716,-0.036962567
772.748796,-127.859045,-0.359854409,-0.038402852
773.252274,-128.054531,-0.380985011,-0.039843137
773.751447,-128.260760,-0.402584677,-0.040000000
774.246049,-128.477724,-0.424188955,-0.040000000
774.735848,-128.705322,-0.445793233,-0.040000000
775.220616,-128.943447,-0.467397511,-0.040000000
775.700127,-129.191990,-0.489001789,-0.040000000
776.174157,-129.450833,-0.510606067,-0.040000000
776.642485,-129.719856,-0.532210345,-0.040000000
777.104892,-129.998933,-0.553814624,-0.040000000
777.561162,-130.287935,-0.575418902,-0.040000000
778.011082,-130.586725,-0.597023180,-0.040000000
778.454443,-130.895165,-0.618627458,-0.040000000
778.891037,-131.213111,-0.640231736,-0.040000000
779.320661,-131.540415,-0.661836014,-0.040000000
779.743114,-131.876923,-0.683440292,-0.040000000
780.158199,-132.222478,-0.705044570,-0.040000000
780.565722,-132.576920,-0.726648848,-0.040000000
780.965494,-132.940083,-0.748253126,-0.040000000
781.357326,-133.311797,-0.769857404,-0.040000000
781.741038,-133.691889,-0.791461682,-0.040000000
782.116448,-134.080181,-0.813065960,-0.040000000
782.483383,-134.476493,-0.834670239,-0.040000000
782.841671,-134.880638,-0.856274517,-0.040000000
783.191145,-135.292430,-0.877878795,-0.040000000
783.531642,-135.711675,-0.899483073,-0.040000000
783.863002,-136.138177,-0.921087351,-0.040000000
784.185071,-136.571739,-0.942691629,-0.040000000
784.497700,-137.012157,-0.964295907,-0.040000000
784.800741,-137.459225,-0.985900185,-0.040000000
785.094053,-137.912736,-1.007504463,-0.040000000
785.377500,-138.372477,-1.029108741,-0.040000000
785.650949,-138.838234,-1.050713019,-0.040000000
785.914273,-139.309790,-1.072317297,-0.040000000
786.167349,-139.786924,-1.093921575,-0.040000000
786.410058,-140.269414,-1.115525853,-0.040000000
786.642288,-140.757034,-1.137130132,-0.040000000
786.863929,-141.249557,-1.158734410,-0.040000000
787.074879,-141.746754,-1.180338688,-0.040000000
787.275039,-142.248391,-1.201942966,-0.040000000
787.464316,-142.754236,-1.223547244,-0.040000000
787.642621,-143.264051,-1.245151522,-0.040000000
787.809871,-143.777599,-1.266755800,-0.040000000
787.965988,-144.294640,-1.288360078,-0.040000000
788.110899,-144.814933,-1.309964356,-0.040000000
788.244536,-145.338235,-1.331568634,-0.040000000
788.366838,-145.864302,-1.353172912,-0.040000000
788.477747,-146.392889,-1.374777190,-0.040000000
788.577211,-146.923747,-1.396381468,-0.040000000
788.665184,-147.456631,-1.417985747,-0.040000000
788.741625,-147.991291,-1.439590025,-0.040000000
788.806498,-148.527477,-1.461194303,-0.040000000
788.859772,-149.064940,-1.482798581,-0.040000000
788.901424,-149.603428,-1.504402859,-0.040000000
788.931433,-150.142690,-1.526007137,-0.040000000
788.949786,-150.682474,-1.547611415,-0.040000000
788.956474,-151.222529,-1.569215693,-0.040000000
788.951496,-151.762603,-1.590773274,-0.039500891
788.935018,-152.302448,-1.611719026,-0.038060606
788.907446,-152.841842,-1.631886870,-0.036620321
788.869212,-153.380586,-1.651276806,-0.035180036
788.820749,-153.918506,-1.669888834,-0.033739750
788.762491,-154.455455,-1.687722953,-0.032299465
788.694876,-154.991306,-1.704779165,-0.030859180
788.618339,-155.525956,-1.721057469,-0.029418895
788.533317,-156.059324,-1.736557864,-0.027978610
788.440245,-156.591346,-1.751280352,-0.026538324
788.339557,-157.121981,-1.765224931,-0.025098039
788.231685,-157.651202,-1.778391603,-0.023657754
788.117060,-158.179002,-1.790780366,-0.022217469
787.996110,-158.705389,-1.802391221,-0.020777184
787.869260,-159.230386,-1.813224169,-0.019336898
787.736934,-159.754030,-1.823279208,-0.017896613
787.599553,-160.276370,-1.832556339,-0.016456328
787.457534,-160.797470,-1.841055562,-0.015016043
787.311294,-161.317400,-1.848776877,-0.013575758
787.161246,-161.836245,-1.855720284,-0.012135472
787.007799,-162.354095,-1.861885783,-0.010695187
786.851364,-162.871051,-1.867273374,-0.009254902
786.692347,-163.387218,-1.871883057,-0.007814617
786.531153,-163.902709,-1.875714832,-0.006374332
786.368185,-164.417643,-1.878768699,-0.004934046
786.203845,-164.932141,-1.881044657,-0.003493761
786.038534,-165.446327,-1.882542708,-0.002053476
785.872653,-165.960330,-1.883262851,-0.000613191
785.706590,-166.474274,-1.883333351,0.000000000
785.540521,-166.988216,-1.883333351,0.000000000
785.374452,-167.502159,-1.883333351,0.000000000
785.208384,-168.016101,-1.883333351,0.000000000
785.042315,-168.530043,-1.883333351,0.000000000
784.876246,-169.043986,-1.883333351,0.000000000
784.710178,-169.557928,-1.883333351,0.000000000
784.544109,-170.071870,-1.883333351,0.000000000
784.378040,-170.585813,-1.883333351,0.000000000
784.211971,-171.099755,-1.883333351,0.000000000
784.045903,-171.613697,-1.883333351,0.000000000
783.879834,-172.127640,-1.883333351,0.000000000
783.713765,-172.641582,-1.883333351,0.000000000
783.547697,-173.155524,-1.883333351,0.000000000
783.381628,-173.669467,-1.883333351,0.000000000
783.215559,-174.183409,-1.883333351,0.000000000
783.049490,-174.697351,-1.883333351,0.000000000
782.883422,-175.211294,-1.883333351,0.000000000
782.717353,-175.725236,-1.883333351,0.000000000
782.551284,-176.239178,-1.883333351,0.000000000
782.385216,-176.753120,-1.883333351,0.000000000
782.219147,-177.267063,-1.883333351,0.000000000
782.053078,-177.781005,-1.883333351,0.000000000
781.887010,-178.294947,-1.883333351,0.000000000
781.720941,-178.808890,-1.883333351,0.000000000
781.554872,-179.322832,-1.883333351,0.000000000
781.388803,-179.836774,-1.883333351,0.000000000
781.222735,-180.350717,-1.883333351,0.000000000
781.056666,-180.864659,-1.883333351,0.000000000
780.890597,-181.378601,-1.883333351,0.000000000
780.724529,-181.892544,-1.883333351,0.000000000
780.558460,-182.406486,-1.883333351,0.000000000
780.392391,-182.920428,-1.883333351,0.000000000
780.226322,-183.434371,-1.883333351,0.000000000
780.060254,-183.948313,-1.883333351,0.000000000
779.894185,-184.462255,-1.883333351,0.000000000
779.728116,-184.976198,-1.883333351,0.000000000
779.562048,-185.490140,-1.883333351,0.000000000
779.395979,-186.004082,-1.883333351,0.000000000
779.229910,-186.518024,-1.883333351,0.000000000
779.063841,-187.031967,-1.883333351,0.000000000
778.897773,-187.545909,-1.883333351,0.000000000
778.731704,-188.059851,-1.883333351,0.000000000
778.565635,-188.573794,-1.883333351,0.000000000
778.399567,-189.087736,-1.883333351,0.000000000
778.233498,-189.601678,-1.883333351,0.000000000
778.067429,-190.115621,-1.883333351,0.000000000
777.901361,-190.629563,-1.883333351,0.000000000
777.735292,-191.143505,-1.883333351,0.000000000
777.569223,-191.657448,-1.883333351,0.000000000
777.403154,-192.171390,-1.883333351,0.000000000
777.237086,-192.685332,-1.883333351,0.000000000
777.071017,-193.199275,-1.883333351,0.000000000
776.904948,-193.713217,-1.883333351,0.000000000
776.738880,-194.227159,-1.883333351,0.000000000
776.572811,-194.741102,-1.883333351,0.000000000
776.406742,-195.255044,-1.883333351,0.000000000
776.240673,-195.768986,-1.883333351,0.000000000
776.074605,-196.282928,-1.883333351,0.000000000
775.908536,-196.796871,-1.883333351,0.000000000
775.742467,-197.310813,-1.883333351,0.000000000
775.576399,-197.824755,-1.883333351,0.000000000
775.410330,-198.338698,-1.883333351,0.000000000
775.244261,-198.852640,-1.883333351,0.000000000
775.078193,-199.366582,-1.883333351,0.000000000
774.912124,-199.880525,-1.883333351,0.000000000
774.746055,-200.394467,-1.883333351,0.000000000
774.579986,-200.908409,-1.883333351,0.000000000
774.413918,-201.422352,-1.883333351,0.000000000
774.247849,-201.936294,-1.883333351,0.000000000
774.081780,-202.450236,-1.883333351,0.000000000
773.915712,-202.964179,-1.883333351,0.000000000
773.749643,-203.478121,-1.883333351,0.000000000
773.583574,-203.992063,-1.883333351,0.000000000
773.417505,-204.506006,-1.883333351,0.000000000
773.251437,-205.019948,-1.883333351,0.000000000
773.085368,-205.533890,-1.883333351,0.000000000
772.919299,-206.047832,-1.883333351,0.000000000
772.753231,-206.561775,-1.883333351,0.000000000
772.587162,-207.075717,-1.883333351,0.000000000
772.421093,-207.589659,-1.883333351,0.000000000
772.255024,-208.103602,-1.883333351,0.000000000
772.088956,-208.617544,-1.883333351,0.000000000
771.922887,-209.131486,-1.883333351,0.000000000
771.756818,-209.645429,-1.883333351,0.000000000
771.590750,-210.159371,-1.883333351,0.000000000
771.424681,-210.673313,-1.883333351,0.000000000
771.258612,-211.187256,-1.883333351,0.000000000
771.092544,-211.701198,-1.883333351,0.000000000
770.926475,-212.215140,-1.883333351,0.000000000
770.760406,-212.729083,-1.883333351,0.000000000
770.594337,-213.243025,-1.883333351,0.000000000
770.428269,-213.756967,-1.883333351,0.000000000
